famille_id;noms;entity_ids;nb_membres;types;classe;preuve;canonique_propose;annotation_candidate;justification
1;Aglietta & Orleans 2002 | Aglietta et Orléan 2002 | Aglietta & Orléan 2002 — Violence et confiance;02e004e015cc4982a33168f8d6432cab | 3b34cd1c6c37560d071ef4b881420fd8 | dfeba626b96846cf988d4020424196d5;3;Reference | Reference | AcademicWork, Reference;fusion-sure;AGLIETTA Michel et ORLÉAN André, 2002, La monnaie entre violence et confiance, Odile Jacob, Paris, 384 p.;02e004e015cc4982a33168f8d6432cab (deg=13);duplicateOf=02e004e015cc4982a33168f8d6432cab sur 3b34cd1c6c37560d071ef4b881420fd8, dfeba626b96846cf988d4020424196d5, reviewStatus=pending-author;Même auteur, même millésime, même œuvre : une seule entrée au PDF, les 3 nœuds n'en diffèrent que par la graphie/le libellé.
2;Aglietta et Cartelier 1998 | Aglietta & Cartelier 1998 — Ordre monétaire;78c9029a9c61594936bd680163cb0f75 | 4568cc431bce437ba36f137dbafbc67e;2;Reference | AcademicWork, Reference;fusion-sure;AGLIETTA Michel et CARTELIER Jean, 1998, « Ordre monétaire des économies de marché » dans La monnaie souveraine, s.l., p;78c9029a9c61594936bd680163cb0f75 (deg=9);duplicateOf=78c9029a9c61594936bd680163cb0f75 sur 4568cc431bce437ba36f137dbafbc67e, reviewStatus=pending-author;Même auteur, même millésime, même œuvre : une seule entrée au PDF, les deux nœuds n'en diffèrent que par la graphie/le libellé.
3;Aglietta, Ponsot et Ould-Ahmed 2014 | Aglietta Ponsot Ould-Ahmed 2014 — Entretien;d1a9cf840d19b1564cd0157c785cee44 | 7e9c5d90afd24211b0d8ba706bdad15f;2;Reference | AcademicWork, Reference;fusion-sure;AGLIETTA Michel, PONSOT Jean-François et OULD-AHMED Pepita, 2014, « La monnaie, la valeur et la règle - Entretien avec M;d1a9cf840d19b1564cd0157c785cee44 (deg=5);duplicateOf=d1a9cf840d19b1564cd0157c785cee44 sur 7e9c5d90afd24211b0d8ba706bdad15f, reviewStatus=pending-author;Même auteur, même millésime, même œuvre : une seule entrée au PDF, les deux nœuds n'en diffèrent que par la graphie/le libellé.
4;Akrich 1989 | Akrich 1989 — Construction d'un système socio-technique;2528eba96a574f2491c28b0ab11b0974 | 750fdaa27a5d4030a626673d3110ddf2;2;Reference | AcademicWork, Reference;fusion-sure;AKRICH Madeleine, 1989, « La construction d’un système socio -technique – Esquisse pour une anthropologie des techniques;2528eba96a574f2491c28b0ab11b0974 (deg=15);duplicateOf=2528eba96a574f2491c28b0ab11b0974 sur 750fdaa27a5d4030a626673d3110ddf2, reviewStatus=pending-author;Même auteur, même millésime, même œuvre : une seule entrée au PDF, les deux nœuds n'en diffèrent que par la graphie/le libellé.
5;Andresen 2011 — Bitcoin v0.3.20.01 released | Andresen 2011;74f9134398d346a4b39be11431bc0baa | aff449b29cc249a281a508728901c18f;2;IndigenousLiterature, Reference | IndigenousLiterature, Reference;fusion-sure;ANDRESEN Gavin, 2011, « Bitcoin / [bitcoin-list] Bitcoin version 0.3.20.01 released ».;74f9134398d346a4b39be11431bc0baa (deg=29);duplicateOf=74f9134398d346a4b39be11431bc0baa sur aff449b29cc249a281a508728901c18f, reviewStatus=pending-author;Même auteur, même millésime, même œuvre : une seule entrée au PDF, les deux nœuds n'en diffèrent que par la graphie/le libellé.
6;Andresen 2012 BIP Process | Andresen 2012 — Blockchain Rule Update Process;65b4ab9b69ac4a968d99e39e11ec3774 | f8fb83d515424bad916e03ff5956d56d;2;Reference | IndigenousLiterature, Reference;fusion-sure;ANDRESEN Gavin, 2012, « Blockchain Rule Update Process », https://gist.github.com/gavinandresen/2355445 , 11 avril 2012,;65b4ab9b69ac4a968d99e39e11ec3774 (deg=6);duplicateOf=65b4ab9b69ac4a968d99e39e11ec3774 sur f8fb83d515424bad916e03ff5956d56d, reviewStatus=pending-author;Même auteur, même millésime, même œuvre : une seule entrée au PDF, les deux nœuds n'en diffèrent que par la graphie/le libellé.
7;Andresen 2016 | Andresen 2016 — One-dollar lulz;f8d9b4f12815491ba6ad9d2caa0387db | 63ed4d1a77544c98a047be919573aafb;2;GreyLiterature, Reference | IndigenousLiterature, Reference;fusion-sure;ANDRESEN Gavin, 2016, « One-dollar lulz • Gavin Andresen », http://gavinandresen.ninja/One - Dollar-Lulz , 3 mars 2016, ;f8d9b4f12815491ba6ad9d2caa0387db (deg=6);duplicateOf=f8d9b4f12815491ba6ad9d2caa0387db sur 63ed4d1a77544c98a047be919573aafb, reviewStatus=pending-author;Même auteur, même millésime, même œuvre : une seule entrée au PDF, les deux nœuds n'en diffèrent que par la graphie/le libellé.
8;Bano et al. 2017 | Bano et al. 2017 (Intro);206f2addc41144a8abb84aff060fc00f | 30dca2569de464285604c4babb93c7d9;2;Reference | Reference;fusion-sure;BANO Shehar, ALBERTO Sonnino, AL-BASSAM Mustafa, AZOUVI Sarah, MCCORRY, Patrick, MEIKLEJOHN Sarah et DANEZIS George, 201;206f2addc41144a8abb84aff060fc00f (deg=6);duplicateOf=206f2addc41144a8abb84aff060fc00f sur 30dca2569de464285604c4babb93c7d9, reviewStatus=pending-author;Même auteur, même millésime, même œuvre : une seule entrée au PDF, les deux nœuds n'en diffèrent que par la graphie/le libellé.
9;Bartoletti et Pompianu 2017 | Bartoletti & Pompianu 2017;b4b693b0021941cfbfc70e4f4afe3c5b | ae73f326b85f491da28770ac6b6b9bc9;2;AcademicWork, Reference | Reference;fusion-sure;BARTOLETTI Massimo et POMPIANU Livio, 2017, « An analysis of Bitcoin OP RETURN metadata », arXiv preprint arXiv:1702.010;b4b693b0021941cfbfc70e4f4afe3c5b (deg=6);duplicateOf=b4b693b0021941cfbfc70e4f4afe3c5b sur ae73f326b85f491da28770ac6b6b9bc9, reviewStatus=pending-author;Même auteur, même millésime, même œuvre : une seule entrée au PDF, les deux nœuds n'en diffèrent que par la graphie/le libellé.
10;Bitcoin Core 2018a — CVE-2018-17144 Full Disclosure | Bitcoin Core 2018 Rapport divulgation;dd3e2896aaa6408a84dded4e2922471e | 3d0cbcef5e434da1adc012942e302113;2;IndigenousLiterature, Reference | Reference;fusion-sure;BITCOIN CORE, 2018a, « CVE-2018-17144 Full Disclosure », https://bitcoincore.org/en/2018/09/20/notice/, 20 septembre 201;dd3e2896aaa6408a84dded4e2922471e (deg=29);duplicateOf=dd3e2896aaa6408a84dded4e2922471e sur 3d0cbcef5e434da1adc012942e302113, reviewStatus=pending-author;Même auteur, même millésime, même œuvre : une seule entrée au PDF, les deux nœuds n'en diffèrent que par la graphie/le libellé.
11;Bitmex Research 2017b — Revisiting The DAO | Bitmex Research 2017 DAO Hard Fork;a42a1798e79d47b7a9e3a02921b24cf7 | 02ecb7bc25414f3391f3c67145607241;2;GreyLiterature, Reference | Reference;fusion-sure;BITMEX RESEARCH, 2017b, « Revisiting “The DAO” », BitMEX Blog , https://blog.bitmex.com/revisiting-the-dao/ , 22 novembr;a42a1798e79d47b7a9e3a02921b24cf7 (deg=19);duplicateOf=a42a1798e79d47b7a9e3a02921b24cf7 sur 02ecb7bc25414f3391f3c67145607241, reviewStatus=pending-author;Même auteur, même millésime, même œuvre : une seule entrée au PDF, les deux nœuds n'en diffèrent que par la graphie/le libellé.
12;BitMEXResearch 2022 | BitMEXResearch 2022 — The OP_Return Wars;20c955b4d08b43238954a2ddc14020d6 | 9131cfdb8b884b59a0ad14fc1d7ed92b;2;GreyLiterature, Reference | Reference;fusion-sure;BITMEXRESEARCH, 2022, « The OP_Return Wars of 2014 - Dapps Vs Bitcoin Transactions », https://blog.bitmex.com/dapps-or-o;20c955b4d08b43238954a2ddc14020d6 (deg=11);duplicateOf=20c955b4d08b43238954a2ddc14020d6 sur 9131cfdb8b884b59a0ad14fc1d7ed92b, reviewStatus=pending-author;Même auteur, même millésime, même œuvre : une seule entrée au PDF, les deux nœuds n'en diffèrent que par la graphie/le libellé.
13;Blanc 1998 Monnaies paralleles | Blanc 1998a — Les monnaies parallèles approches historiques | Blanc 1998a;7094b28621af4595939c08525b718f39 | a906b88366234d5d97901ee6cb3673d2 | c1ac22eb78bd1c844d95c0c13b2f57b7;3;Reference | AcademicWork, Reference | Reference;homonymie-risque;BLANC Jérôme, 1998a, « Les monnaies parallèles. Approches historiques et théoriques », Université Lumière - Lyon II, 199 || BLANC Jérôme, 1998b, « Les monnaies parallèles : évaluation du phénomène et enjeux théoriques », Revue d'économie financ;;reviewStatus=homonym-check;Le PDF porte 1998a (thèse Lyon II) et 1998b (article) aux titres quasi identiques « Les monnaies parallèles » : le membre sans suffixe « Blanc 1998 Monnaies paralleles » est ambigu entre les deux.
14;Blanc 2009 IMF | Blanc 2009a — Monnaies sociales contraintes organisationnelles;38ffe3510ae04ff09cef5676920e4dc5 | 4df197e434614e35879f37a0c40d6679;2;Reference | AcademicWork, Reference;homonymie-risque;BLANC Jérôme, 2009a, « Contraintes et choix organisationnels dans les dispositifs de monnaies sociales », Annales de l’é || BLANC Jérôme, 2009b, « Usages de l'argent et pratiques monétaire » dans Presses Universitaires de France;;reviewStatus=homonym-check;Le PDF porte deux entrées Blanc 2009 (2009a et 2009b) : le membre « Blanc 2009 IMF » sans suffixe peut viser l'un ou l'autre - verification du texte cite requise.
15;Bohme et al 2015 Bitcoin Economics | Böhme et al. 2015 — Bitcoin Economics Technology Governance;56dc412f484748a8a5dab8f7a0bfa9c8 | 5c2cf7a5479d42bcaa2a9e3ee326ddf4;2;Reference | AcademicWork, Reference;fusion-sure;BÖHME Rainer, CHRISTIN Nicolas, EDELMAN Benjamin et MOORE Tyler, 2015, « Bitcoin: Economics, Technology, and Governance ;56dc412f484748a8a5dab8f7a0bfa9c8 (deg=25);duplicateOf=56dc412f484748a8a5dab8f7a0bfa9c8 sur 5c2cf7a5479d42bcaa2a9e3ee326ddf4, reviewStatus=pending-author;Même auteur, même millésime, même œuvre : une seule entrée au PDF, les deux nœuds n'en diffèrent que par la graphie/le libellé.
16;Bonneau et al. 2015 — SoK Bitcoin Cryptocurrencies | Bonneau et al. 2015;85ea3fbf6756411088682089319f9a25 | 762e6813527d4880b74075d23740679a;2;AcademicWork, Reference | AcademicWork, Reference;fusion-sure;BONNEAU Joseph, MILLER Andrew, CLARK Jeremy, NARAYANAN Arvind, KROLL Joshua A, FELTEN Edward W et FOUNDATION Electronic ;85ea3fbf6756411088682089319f9a25 (deg=23);duplicateOf=85ea3fbf6756411088682089319f9a25 sur 762e6813527d4880b74075d23740679a, reviewStatus=pending-author;Même auteur, même millésime, même œuvre : une seule entrée au PDF, les deux nœuds n'en diffèrent que par la graphie/le libellé.
17;Bowker 1996 Infrastructure Inversion | Bowker 1996 — History of Information Infrastructures;1fd79ed6648e43538068fa4540bc12b7 | f420ad44b02844fa853e4035b9ad224e;2;Reference | AcademicWork, Reference;fusion-sure;BOWKER Geoffrey C, 1996, « The history of information infrastructures: The case of the international classification of d;1fd79ed6648e43538068fa4540bc12b7 (deg=12);duplicateOf=1fd79ed6648e43538068fa4540bc12b7 sur f420ad44b02844fa853e4035b9ad224e, reviewStatus=pending-author;Même auteur, même millésime, même œuvre : une seule entrée au PDF, les deux nœuds n'en diffèrent que par la graphie/le libellé.
18;Brito & Castillo 2013 — Bitcoin: A Primer for Policymakers | Brito et Castillo 2013;d55f89936d9a4709af8104450ff9a174 | 7dd91d459a3396b0205fdb0f1cf0064d;2;Reference | Reference;fusion-sure;BRITO B Y Jerry et CASTILLO Andrea, 2013, « Bitcoin A Primer for Policymakers », Mercatus Center at George Mason Univers;d55f89936d9a4709af8104450ff9a174 (deg=21);duplicateOf=d55f89936d9a4709af8104450ff9a174 sur 7dd91d459a3396b0205fdb0f1cf0064d, reviewStatus=pending-author;Même auteur, même millésime, même œuvre : une seule entrée au PDF, les deux nœuds n'en diffèrent que par la graphie/le libellé.
19;Buterin 2013 Ethereum Whitepaper | Buterin 2013a;12c586ca60d94526a01963a1252861cf | 7be95456e6fd4fee9f0595e3aff2bf25;2;Reference | GreyLiterature, Reference;homonymie-risque;BUTERIN Vitalik, 2013a, « Ethereum: The Ultimate Smart Contract and Decentralized Application Platform », http://web.arc || BUTERIN Vitalik, 2013d, « Ethereum Whitepaper ». (trad en fr. https://ethereum.org/fr/whitepaper/);;reviewStatus=homonym-check;Le PDF distingue 2013a (« The Ultimate Smart Contract... ») et 2013d (« Ethereum Whitepaper », entrée sans nœud) : « Buterin 2013 Ethereum Whitepaper » correspond plutôt à 2013d qu'à 2013a - deux références possibles.
20;Buterin 2013b | Buterin 2013b — Mastercoin: A Second-Generation Protocol;876698e2a15d4e6da5912cb1c391e08b | da969e43bf3346daa39a9a1aa4982cb9;2;GreyLiterature, Reference | Reference;fusion-sure;BUTERIN Vitalik, 2013b, « Mastercoin: A Second-Generation Protocol on the Bitcoin Blockchain », https://bitcoinmagazine.;876698e2a15d4e6da5912cb1c391e08b (deg=11);duplicateOf=876698e2a15d4e6da5912cb1c391e08b sur da969e43bf3346daa39a9a1aa4982cb9, reviewStatus=pending-author;Même auteur, même millésime, même œuvre : une seule entrée au PDF, les deux nœuds n'en diffèrent que par la graphie/le libellé.
21;Buterin 2013c | Buterin 2013c — Bootstrapping a decentralized autonomous corporation (gambling diaspora);31a81419d5414f378aa59f43eb4e2bc9 | 50f03e74739b46fd88a4b6e55faa4a3e;2;GreyLiterature, Reference | Reference;homonymie-risque;BUTERIN Vitalik, 2013c, « The Bitcoin Gambling Diaspora », https://bitcoinmagazine.com/articles/the-bitcoin-gambling-dia;;reviewStatus=homonym-check;« Bootstrapping a decentralized autonomous corporation » est un autre article de Buterin (sept. 2013, absent du PDF) : le nœud conflate ce titre avec « The Bitcoin Gambling Diaspora » (2013c) - deux textes possibles derrière le même suffixe.
22;Buterin 2013e — Dagger: A memory-hard proof of work algorithm | Buterin 2013e;4412476da42c48028bcd9f57ef1a3962 | 3ceaf75ad5dc44f8baa0813b954cb5eb;2;Reference | GreyLiterature, Reference;fusion-sure;BUTERIN Vitalik, 2013e, « Dagger: A Memory-Hard to Compute, Memory -Easy to Verify Scrypt Alternative », http://www.hash;4412476da42c48028bcd9f57ef1a3962 (deg=20);duplicateOf=4412476da42c48028bcd9f57ef1a3962 sur 3ceaf75ad5dc44f8baa0813b954cb5eb, reviewStatus=pending-author;Même auteur, même millésime, même œuvre : une seule entrée au PDF, les deux nœuds n'en diffèrent que par la graphie/le libellé.
23;Buterin 2014j — On altcoins limits | Buterin 2014j — A next-generation smart contract and decentralized application platform;280036a113783d4eaaa0e4bb481c808c | 48d2ab7cbf774115b1f1de56e8e418d9;2;Reference | Reference;homonymie-risque;BUTERIN Vitalik, 2014j, « Ethereum: A Next -Generation Cryptocurrency and Decentralized Application Platform », bitcoinm;;reviewStatus=homonym-check;Réserve explicite de l'audit source : deux titres différents (« next-generation platform » vs « On altcoins limits ») sous le même suffixe 2014j - possiblement deux textes distincts.
24;Buterin 2017 | Buterin 2017a — On settlement finality (OP_RETURN);c0f588f7fb3747ea9c964a94661d0027 | 7dc37a6c9b0b4116a2a01becfc45d7d1;2;GreyLiterature, Reference | Reference;homonymie-risque;BUTERIN Vitalik, 2017a, « The very earliest versions of ETH protocol were a counterparty -style metacoin on top of prime || BUTERIN Vitalik, 2017b, « A Prehistory of the Ethereum Protocol » / 2017c, « Hard Forks, Soft Forks, Defaults and Coerci;;reviewStatus=homonym-check;Réserve explicite de l'audit source : le titre « On settlement finality (OP_RETURN) » ne recoupe pas l'entrée 2017a du PDF (tweet metacoin), et « Buterin 2017 » sans suffixe peut viser 2017a, 2017b ou 2017c.
25;Cartelier 1996 La monnaie | Cartelier 1996 — La monnaie | Cartelier 1996 (Intro);a881071200dc48c19fdc5d3af054a7d5 | 2165a0e1e59e479098a71d3b4213a0ae | a1c097925afd4bd074ea2448f2e7e9e8;3;Reference | AcademicWork, Reference | Reference;fusion-sure;CARTELIER Jean, 1996, La monnaie, Dominos. Flammarion, Paris, 125 p.;a881071200dc48c19fdc5d3af054a7d5 (deg=13);duplicateOf=a881071200dc48c19fdc5d3af054a7d5 sur 2165a0e1e59e479098a71d3b4213a0ae, a1c097925afd4bd074ea2448f2e7e9e8, reviewStatus=pending-author;Même auteur, même millésime, même œuvre : une seule entrée au PDF, les 3 nœuds n'en diffèrent que par la graphie/le libellé.
26;Castillo 2013 — Dark Wallet and Amir Taaki anarchist Bitcoin | Castillo 2013;7a1b6b2b158f4dde997f66379fc73e89 | 81049b3899914142a40dd283772766c4;2;Reference | GreyLiterature, Reference;fusion-sure;CASTILLO Michael del, 2013, « Dark Wallet: A Radical Way to Bitcoin », https://www.newyorker.com/business/currency/dark-;7a1b6b2b158f4dde997f66379fc73e89 (deg=23);duplicateOf=7a1b6b2b158f4dde997f66379fc73e89 sur 81049b3899914142a40dd283772766c4, reviewStatus=pending-author;Même auteur, même millésime, même œuvre : une seule entrée au PDF, les deux nœuds n'en diffèrent que par la graphie/le libellé.
27;Chainalysis Team 2019 | Chainalysis Team 2019 — Crypto Crime Report;0e225413a3db45f3934676e31efc9798 | 2e155d6cc3874a62b20de72700e34b27;2;GreyLiterature, Reference | Reference;fusion-sure;CHAINALYSIS TEAM, 2019, « Chainalysis Crypto Crime Report (2019) », https://go.chainalysis.com/rs/503-FAP- 074/images/20;0e225413a3db45f3934676e31efc9798 (deg=4);duplicateOf=0e225413a3db45f3934676e31efc9798 sur 2e155d6cc3874a62b20de72700e34b27, reviewStatus=pending-author;Même auteur, même millésime, même œuvre : une seule entrée au PDF, les deux nœuds n'en diffèrent que par la graphie/le libellé.
28;Dashjr 2019 CVE History | Dashjr 2019 — CVE-2018-20587 Advisory;45c4a10053e84274966342ca3ecb5f12 | 713a81a48e5143068ff221c6eec9c138;2;Reference | IndigenousLiterature, Reference;fusion-sure;DASHJR Luke, 2019, « CVE-2018–20587 Advisory and Full Disclosure (Bitcoin Core & Knots, on multiuser systems) », https:/;45c4a10053e84274966342ca3ecb5f12 (deg=6);duplicateOf=45c4a10053e84274966342ca3ecb5f12 sur 713a81a48e5143068ff221c6eec9c138, reviewStatus=pending-author;Même auteur, même millésime, même œuvre : une seule entrée au PDF, les deux nœuds n'en diffèrent que par la graphie/le libellé.
29;De Filippi & Loveluck 2016 — Invisible politics of Bitcoin | De Filippi et Loveluck 2016 (Intro);ceabad5e9c0e4c36b74925272eff2df7 | 6cf3e50b5a65ce3ac4e3e1ba4b1d784e;2;AcademicWork, Reference | Reference;fusion-sure;DE FILIPPI Primavera et LOVELUCK Benjamin, 2016, « The invisible politics of Bitcoin: governance crisis of a decentralis;ceabad5e9c0e4c36b74925272eff2df7 (deg=26);duplicateOf=ceabad5e9c0e4c36b74925272eff2df7 sur 6cf3e50b5a65ce3ac4e3e1ba4b1d784e, reviewStatus=pending-author;Même auteur, même millésime, même œuvre : une seule entrée au PDF, les deux nœuds n'en diffèrent que par la graphie/le libellé.
30;De Filippi 2013 — Bitcoin: a regulatory nightmare to a libertarian dream | De Filippi 2013;5febe6121fed4c84aaf300065976a755 | 0b7bd88ab7580b4513c4ff0df722a1eb;2;Reference | Reference;fusion-sure;DE FILIPPI Primavera, 2013, « Bitcoin: a regulatory nightmare to a libertarian dream », Internet Policy Review, 2013, vo;5febe6121fed4c84aaf300065976a755 (deg=21);duplicateOf=5febe6121fed4c84aaf300065976a755 sur 0b7bd88ab7580b4513c4ff0df722a1eb, reviewStatus=pending-author;Même auteur, même millésime, même œuvre : une seule entrée au PDF, les deux nœuds n'en diffèrent que par la graphie/le libellé.
31;DeNardis et Musiani 2014 | DeNardis & Musiani 2014 — Governance by Infrastructure;2272e5b8d44449d29f7429c2f59b5615 | e0b40d91bb424defaa9acf37536f339e;2;AcademicWork, Reference | AcademicWork, Reference;fusion-sure;DENARDIS Laura et MUSIANI Francesca, 2014, « Governance by Infrastructure: Introduction, “The Turn to Infrastructure in ;2272e5b8d44449d29f7429c2f59b5615 (deg=12);duplicateOf=2272e5b8d44449d29f7429c2f59b5615 sur e0b40d91bb424defaa9acf37536f339e, reviewStatus=pending-author;Même auteur, même millésime, même œuvre : une seule entrée au PDF, les deux nœuds n'en diffèrent que par la graphie/le libellé.
32;Dodd 2017 Social Life Bitcoin | Dodd 2017 — The Social Life of Bitcoin | Dodd 2017 (Intro);a03d6533107d41568be5a09f65e91cdf | cde365fffc0140b2ae04ed6fd46b22d5 | 47b8d7b7a80506dd7a7f0ae8db1d59c8;3;Reference | AcademicWork, Reference | Reference;fusion-sure;DODD Nigel, 2017, « The Social Life of Bitcoin », Theory, Culture & Society, 2017, p. 1‑27.;a03d6533107d41568be5a09f65e91cdf (deg=31);duplicateOf=a03d6533107d41568be5a09f65e91cdf sur cde365fffc0140b2ae04ed6fd46b22d5, 47b8d7b7a80506dd7a7f0ae8db1d59c8, reviewStatus=pending-author;Même auteur, même millésime, même œuvre : une seule entrée au PDF, les 3 nœuds n'en diffèrent que par la graphie/le libellé.
33;DuPont 2018 DAO Experiment | Dupont 2018 — DAO Experiments in algorithmic governance;3199c26556b344fd9261cfd10fbb4e12 | 4137356deade4efa9949582b186af808;2;Reference | AcademicWork, Reference;fusion-sure;DUPONT Quinn, 2018, « 8. Experiments in algorithmic governance: A history and ethnography of “The DAO,” a failed decentr;3199c26556b344fd9261cfd10fbb4e12 (deg=8);duplicateOf=3199c26556b344fd9261cfd10fbb4e12 sur 4137356deade4efa9949582b186af808, reviewStatus=pending-author;Même auteur, même millésime, même œuvre : une seule entrée au PDF, les deux nœuds n'en diffèrent que par la graphie/le libellé.
34;Dupré Ponsot Servet 2015 — Bitcoin contre la révolution des communs | Dupré, Ponsot et Servet 2015 | Dupre Ponsot Servet 2015;1716ed6bcad44771ad22101e932b843f | 67f3f453063feb8a51665d0f6da926b6 | 38639c7e3bc04be98f694db7680027e8;3;AcademicWork, Reference | Reference | Reference;fusion-sure;DUPRÉ Denis, PONSOT Jean-François et SERVET Jean-Michel, 2015, « Le bitcoin contre la révolution des communs », 5ème con;1716ed6bcad44771ad22101e932b843f (deg=23);duplicateOf=1716ed6bcad44771ad22101e932b843f sur 67f3f453063feb8a51665d0f6da926b6, 38639c7e3bc04be98f694db7680027e8, reviewStatus=pending-author;Même auteur, même millésime, même œuvre : une seule entrée au PDF, les 3 nœuds n'en diffèrent que par la graphie/le libellé.
35;Edwards et al. 2009 | Edwards et al. 2009 — Agenda for Infrastructure Studies;c14637f57d5a423894cbd35856129302 | 2c3733bad1fc480ebfc9aff5d72fb6dc;2;Reference | AcademicWork, Reference;fusion-sure;EDWARDS Paul, BOWKER Geoffrey, JACKSON Steven et WILLIAMS Robin, 2009, « Introduction: An Agenda for Infrastructure Stud;c14637f57d5a423894cbd35856129302 (deg=23);duplicateOf=c14637f57d5a423894cbd35856129302 sur 2c3733bad1fc480ebfc9aff5d72fb6dc, reviewStatus=pending-author;Même auteur, même millésime, même œuvre : une seule entrée au PDF, les deux nœuds n'en diffèrent que par la graphie/le libellé.
36;European Central Bank 2012 | BCE 2012b — Virtual Currency Schemes (original report) | BCE 2012 — Virtual Currency Schemes;117c1b4f6212439a832bb191383b4a7b | 443e78b5d45a42ea93a283e6571912b0 | 896f386e155e4b77b108d4ecdeb375af;3;GreyLiterature, Reference | Reference | Reference;doublon-probable;EUROPEAN CENTRAL BANK, 2012, Virtual Currency Scheme, s.l. || EUROPEAN CENTRAL BANK, 2015b, Virtual Currency Schemes - A Further analysis, Février 2015;117c1b4f6212439a832bb191383b4a7b (deg=9);duplicateOf=117c1b4f6212439a832bb191383b4a7b sur 443e78b5d45a42ea93a283e6571912b0, 896f386e155e4b77b108d4ecdeb375af, reviewStatus=pending-author;Les trois nœuds désignent le rapport original 2012, mais l'audit documente une numérotation a/b du graphe contradictoire avec le PDF pour la BCE (« BCE 2012b » n'existe pas au PDF) - convergence forte, lettre à vérifier.
37;Friedman 2008 | Friedman Benjamin M. 2008 — Les objectifs de la politique monétaire;cfc5ccfec20718e675f89a24487294bd | d49e7200ebee4ede8950f9e36e6bdff7;2;Reference | Reference;fusion-sure;FRIEDMAN Benjamin M., 2008, « Quels doivent être les objectifs de la politique monétaire. » dans Jean-Philippe Touffut (;cfc5ccfec20718e675f89a24487294bd (deg=8);duplicateOf=cfc5ccfec20718e675f89a24487294bd sur d49e7200ebee4ede8950f9e36e6bdff7, reviewStatus=pending-author;Même auteur, même millésime, même œuvre : une seule entrée au PDF, les deux nœuds n'en diffèrent que par la graphie/le libellé.
38;Friedman Milton 1999 — Interview sur internet et monnaies privées | Friedman Milton 1999 — Video interview on internet and private currencies (land value tax);a768338169584a618a8ef5b797b7b063 | 8a86eb7f81364573848e43b03d391a89;2;Reference | Reference;fusion-sure;FRIEDMAN Milton., 1999, “Land value tax and internet currencies ”, interview with Nobel Laureate Milton Friedman conduct || « Milton Friedman, Land value tax and internet currencies », 1999, youtube (doublon interne du PDF, même URL);a768338169584a618a8ef5b797b7b063 (deg=2);duplicateOf=a768338169584a618a8ef5b797b7b063 sur 8a86eb7f81364573848e43b03d391a89, reviewStatus=pending-author;Même auteur, même millésime, même œuvre : une seule entrée au PDF, les deux nœuds n'en diffèrent que par la graphie/le libellé.
39;Galbraith 1976 | Galbraith 1976 — L'argent;ecfda0e51bd147e3bd0329a9bf4bbc6b | 569ea7309d154d1e92acf5b177563629;2;AcademicWork, Reference | AcademicWork, Reference;fusion-sure;GALBRAITH John Kenneth, 1976, L’argent, Paris, Gallimard . (coll. « idée, Gallimard »), collection : idées, 366 p.;ecfda0e51bd147e3bd0329a9bf4bbc6b (deg=14);duplicateOf=ecfda0e51bd147e3bd0329a9bf4bbc6b sur 569ea7309d154d1e92acf5b177563629, reviewStatus=pending-author;Même auteur, même millésime, même œuvre : une seule entrée au PDF, les deux nœuds n'en diffèrent que par la graphie/le libellé.
40;Garzik 2014a | Garzik 2014a — Counterparty and metacoins analysis;644de7a85c76448fa1e1bbeabd176d03 | 9e20ed50d936437eb53e034f20a5d8f5;2;IndigenousLiterature, Reference | Reference;fusion-sure;GARZIK Jeff, 2014a, « [ANN][XCP] Counterparty - Pioneering Peer -to-Peer Finance - Official Thread », https://bitcointal;644de7a85c76448fa1e1bbeabd176d03 (deg=7);duplicateOf=644de7a85c76448fa1e1bbeabd176d03 sur 9e20ed50d936437eb53e034f20a5d8f5, reviewStatus=pending-author;Même auteur, même millésime, même œuvre : une seule entrée au PDF, les deux nœuds n'en diffèrent que par la graphie/le libellé.
41;Garzik 2014b — OP_RETURN and metadata in Bitcoin | Garzik 2014b;a7d3cc7c0c2e4a36b6f8acb0f0308f6e | fdafe6e12c094113a2e2ba841b4e324e;2;Reference | IndigenousLiterature, Reference;fusion-sure;GARZIK Jeff, 2014b, « [Bitcoin-development] On OP_RETURN in upcoming 0.9 release ».;a7d3cc7c0c2e4a36b6f8acb0f0308f6e (deg=26);duplicateOf=a7d3cc7c0c2e4a36b6f8acb0f0308f6e sur fdafe6e12c094113a2e2ba841b4e324e, reviewStatus=pending-author;Même auteur, même millésime, même œuvre : une seule entrée au PDF, les deux nœuds n'en diffèrent que par la graphie/le libellé.
42;Gilbert David 2014 — Dogecoin cryptocurrency community | David Gilbert 2014;1d8a4c4ab89c449a8de9b02761f65ab4 | be56089c62d34df08bd15f366454ab9e;2;Reference | GreyLiterature, Reference;fusion-sure;GILBERT David, 2014, « \’Most Valuable Tweet in History\’ Donates $11,000 Worth of Dogecoin to Kenyan Water Charity », h;1d8a4c4ab89c449a8de9b02761f65ab4 (deg=2);duplicateOf=1d8a4c4ab89c449a8de9b02761f65ab4 sur be56089c62d34df08bd15f366454ab9e, reviewStatus=pending-author;Même auteur, même millésime, même œuvre : une seule entrée au PDF, les deux nœuds n'en diffèrent que par la graphie/le libellé.
43;Hughes 1993 Cypherpunk Manifesto | Hughes 1993 — A Cypherpunk's Manifesto;51061825b7fb47ab9676f6fb393f996e | c76bb3ae5b4d43f680ca8c5f075e12ba;2;Reference | IndigenousLiterature, Reference;fusion-sure;HUGHES Eric, 1993, « A Cypherpunk’s Manifesto », https://www.activism.net/cypherpunk/manifesto.html, 9 mars 1993, consul;51061825b7fb47ab9676f6fb393f996e (deg=6);duplicateOf=51061825b7fb47ab9676f6fb393f996e sur c76bb3ae5b4d43f680ca8c5f075e12ba, reviewStatus=pending-author;Même auteur, même millésime, même œuvre : une seule entrée au PDF, les deux nœuds n'en diffèrent que par la graphie/le libellé.
44;Jeong 2013 — The Bitcoin Protocol as Law | Jeong 2013;ba4fb228bb824d1b9ec0c15d9651edf0 | 17498d46de3114ecfad0f57c3077da34;2;Reference | Reference;fusion-sure;JEONG Sarah, 2013, « The Bitcoin Protocol as Law, and the Politics of a Stateless Currency ».;ba4fb228bb824d1b9ec0c15d9651edf0 (deg=24);duplicateOf=ba4fb228bb824d1b9ec0c15d9651edf0 sur 17498d46de3114ecfad0f57c3077da34, reviewStatus=pending-author;Même auteur, même millésime, même œuvre : une seule entrée au PDF, les deux nœuds n'en diffèrent que par la graphie/le libellé.
45;Kavanagh & Miscione 2017 | Kavanagh et Miscione 2017;6d3ccfa0dd3c4d798d364840f888a4e2 | 2986a9e1e1ce4486bbfa358ca58d2242;2;Reference | Reference;fusion-sure;KAVANAGH Donncha et MISCIONE Gianluca, 2017, « Infrastructures and Their Invisible Carnivalesque », SSRN Electronic Jour;6d3ccfa0dd3c4d798d364840f888a4e2 (deg=17);duplicateOf=6d3ccfa0dd3c4d798d364840f888a4e2 sur 2986a9e1e1ce4486bbfa358ca58d2242, reviewStatus=pending-author;Même auteur, même millésime, même œuvre : une seule entrée au PDF, les deux nœuds n'en diffèrent que par la graphie/le libellé.
46;King & Nadal 2012 Peercoin | Sunny King et Nadal 2012 | King Nadal 2012 — PPCoin Peer-to-Peer Crypto-Currency;b9b474c9712b4dbea11d55ae163d2b36 | 8ba11b69224445fba65e1e5160b365f7 | 6649a875b6b040e4b645481de807e338;3;Reference | IndigenousLiterature, Reference | Reference;fusion-sure;KING Sunny et NADAL Scott, 2012, « PPCoin: Peer-to-Peer Crypto-Currency with Proof-of-Stake », 19 août 2012.;b9b474c9712b4dbea11d55ae163d2b36 (deg=5);duplicateOf=b9b474c9712b4dbea11d55ae163d2b36 sur 8ba11b69224445fba65e1e5160b365f7, 6649a875b6b040e4b645481de807e338, reviewStatus=pending-author;Même auteur, même millésime, même œuvre : une seule entrée au PDF, les 3 nœuds n'en diffèrent que par la graphie/le libellé.
47;Knapp 1924 State Theory Money | Knapp 1924 — The State Theory of Money | Knapp 1924;4e7c7974fdc04b07a244b8eec8550974 | 573d8b4226b84a089da2580fc046b334 | db4e7b892fcb6a0b049a7a32dbd5b601;3;Reference | AcademicWork, Reference | Reference;fusion-sure;KNAPP G F, 1924, « The state theory of money », History of Economic Thought Books, 1924.;4e7c7974fdc04b07a244b8eec8550974 (deg=11);duplicateOf=4e7c7974fdc04b07a244b8eec8550974 sur 573d8b4226b84a089da2580fc046b334, db4e7b892fcb6a0b049a7a32dbd5b601, reviewStatus=pending-author;Même auteur, même millésime, même œuvre : une seule entrée au PDF, les 3 nœuds n'en diffèrent que par la graphie/le libellé.
48;Lars 2019a — Colored Coins: early tokenization on Bitcoin | Lars 2019a;8add087a86294cef8dfad0f37882ba34 | e318cea2b733450ca0992a87ead0b345;2;Reference | GreyLiterature, Reference;fusion-sure;LARS Ludovic, 2019a, « Des jetons sur Bitcoin : colored coins et autres procédés », https://journalducoin.com/bitcoin/ac;8add087a86294cef8dfad0f37882ba34 (deg=25);duplicateOf=8add087a86294cef8dfad0f37882ba34 sur e318cea2b733450ca0992a87ead0b345, reviewStatus=pending-author;Même auteur, même millésime, même œuvre : une seule entrée au PDF, les deux nœuds n'en diffèrent que par la graphie/le libellé.
49;Lars 2021 — Bitcoin and religious metaphors (bitcoin-histoire.fr) | Lars 2021;32f91ac4b4b14019a0afb4640bba23c7 | c1ebf64c7d6734e73472a545f04cec05;2;Reference | Reference;fusion-sure;LARS Ludovic, 2021, « Bitcoin, quand la révolution de la monnaie vire à la religion », https://journalducoin.com/analyse;32f91ac4b4b14019a0afb4640bba23c7 (deg=28);duplicateOf=32f91ac4b4b14019a0afb4640bba23c7 sur c1ebf64c7d6734e73472a545f04cec05, reviewStatus=pending-author;Même auteur, même millésime, même œuvre : une seule entrée au PDF, les deux nœuds n'en diffèrent que par la graphie/le libellé.
50;Lee 2011 — Litecoin launch announcement | Charli Lee 2011;fa4fa618b73a418f9edb30ae70538f00 | 6c31f72f6f6d4fca9f9512a7d66b7551;2;Reference | Reference;homonymie-risque;LEE Charli, 2011, « Lite Coin White Paper », 7 octobre 2011, 6 p.;;reviewStatus=homonym-check;Le PDF n'a que le « Lite Coin White Paper » : « Lee 2011 - Litecoin launch announcement » (annonce Bitcointalk) est possiblement un texte distinct du whitepaper - à trancher avant fusion.
51;Lopp 2018 GitHub Bitcoin Core | Lopp 2018 — Who Controls Bitcoin Core;304579e381c84c4a8f470c3386ac1e45 | b95feb4b7ce94d2c9903c5a192e3421d;2;Reference | IndigenousLiterature, Reference;fusion-sure;LOPP Jameson, 2018, « Who Controls Bitcoin Core? », Medium, https://medium.com/@lopp/who- controls-bitcoin-core-c55c0af9;304579e381c84c4a8f470c3386ac1e45 (deg=31);duplicateOf=304579e381c84c4a8f470c3386ac1e45 sur b95feb4b7ce94d2c9903c5a192e3421d, reviewStatus=pending-author;Même auteur, même millésime, même œuvre : une seule entrée au PDF, les deux nœuds n'en diffèrent que par la graphie/le libellé.
52;Lopp 2021 — History Bitcoin Transaction Dust Spam Storms | Lopp 2021 Spam Storms;a4a15c4d930e4c53ac47ceb110695686 | 78aaaaee3c684931b0b63a0b2a7ec181;2;IndigenousLiterature, Reference | Reference;fusion-sure;LOPP Jameson, 2021, « A History of Bitcoin Transaction Dust & Spam Storms », https://blog.lopp.net/history-bitcoin-trans;a4a15c4d930e4c53ac47ceb110695686 (deg=26);duplicateOf=a4a15c4d930e4c53ac47ceb110695686 sur 78aaaaee3c684931b0b63a0b2a7ec181, reviewStatus=pending-author;Même auteur, même millésime, même œuvre : une seule entrée au PDF, les deux nœuds n'en diffèrent que par la graphie/le libellé.
53;Lustig & Nardi 2015 — Algorithmic authority Bitcoin | Lustig & Nardi 2015 Algorithmic Authority;59cad7f544f743a3a42b7bfcf4c32991 | 6c21ae38f32f4957a4c38675b4582d1a;2;AcademicWork, Reference | Reference;fusion-sure;LUSTIG Caitlin et NARDI Bonnie, 2015, « Algorithmic authority: The case of Bitcoin », Proceedings of the Annual Hawaii I;59cad7f544f743a3a42b7bfcf4c32991 (deg=23);duplicateOf=59cad7f544f743a3a42b7bfcf4c32991 sur 6c21ae38f32f4957a4c38675b4582d1a, reviewStatus=pending-author;Même auteur, même millésime, même œuvre : une seule entrée au PDF, les deux nœuds n'en diffèrent que par la graphie/le libellé.
54;Mauss 1914 | Mauss 1914 — Les origines de la notion de monnaie;73ec82f5ffa03829ef5ab301dfadad9b | ff9f99aebc5d4ea69609189a38a96a53;2;Reference | Reference;fusion-sure;MAUSS Marcel, 1914, « Les origines de la notion de monnaie » dans Oeuvres 2. Représentations collectives et diversité de;73ec82f5ffa03829ef5ab301dfadad9b (deg=7);duplicateOf=73ec82f5ffa03829ef5ab301dfadad9b sur ff9f99aebc5d4ea69609189a38a96a53, reviewStatus=pending-author;Même auteur, même millésime, même œuvre : une seule entrée au PDF, les deux nœuds n'en diffèrent que par la graphie/le libellé.
55;Möser & Böhme 2015 — Towards Bitcoin payment networks | Moser et Bohme 2015;8a6aba8ed0de404ea8648f2419d9f63e | 51cd9218082f4db7b393a6d84f2f7b00;2;Reference | AcademicWork, Reference;homonymie-risque;MÖSER Malte et BÖHME Rainer, 2015, « Trends, Tips, Tolls: A Longitudinal Study of Bitcoin Transaction Fees » dans Michae;;reviewStatus=homonym-check;« Towards Bitcoin Payment Networks » est un autre article co-signé Möser (McCorry et al., 2016), absent du PDF : le nœud ainsi titré peut désigner une référence distincte de « Trends, Tips, Tolls » (2015).
56;Musiani Mallard Meadel 2018 | Musiani 2018 CM Gouvernance | Musiani Mallard Méadel 2018 — Governing what wasn't meant to be governed;ad474c1724da4ec88cbd78f924613cc5 | 11ca49860474402ab03050357095c728 | 9d026d51d41e40edb4c8c7c15d563ca5;3;Reference | Reference | AcademicWork, Reference;fusion-sure;MUSIANI Francesca, MALLARD Alexandre et MÉADEL Cécile, 2018, « 7 Governing what wasn’t meant to be governed » dans Campb;ad474c1724da4ec88cbd78f924613cc5 (deg=13);duplicateOf=ad474c1724da4ec88cbd78f924613cc5 sur 11ca49860474402ab03050357095c728, 9d026d51d41e40edb4c8c7c15d563ca5, reviewStatus=pending-author;Même auteur, même millésime, même œuvre : une seule entrée au PDF, les 3 nœuds n'en diffèrent que par la graphie/le libellé.
57;Nakamoto 2008 Bitcoin WP | Nakamoto 2008c — Bitcoin: A Peer-to-Peer Electronic Cash System;4510632442f34a1c8ad6f3fe0f17ad05 | e324660d7944e4c3b398b652c9eb490d;2;Reference | AcademicWork;fusion-sure;NAKAMOTO Satoshi, 2008c, « Bitcoin: A Peer -to-Peer Electronic Cash System », https://bitcoin.org/bitcoin.pdf, consulté ;4510632442f34a1c8ad6f3fe0f17ad05 (deg=41);duplicateOf=4510632442f34a1c8ad6f3fe0f17ad05 sur e324660d7944e4c3b398b652c9eb490d, reviewStatus=pending-author;Même auteur, même millésime, même œuvre : une seule entrée au PDF, les deux nœuds n'en diffèrent que par la graphie/le libellé.
58;Narayanan & Clark 2017 | Narayanan et Clark 2017;c539113210a84e1eaea3d8340504aba5 | d41e873a58e8e4eeb1f0ae715f884f8a;2;Reference | AcademicWork;fusion-sure;NARAYANAN Arvind et CLARK Jeremy, 2017, « Bitcoin’s academic pedigree », Communications of the ACM, 2017, vol. 60, no 12;c539113210a84e1eaea3d8340504aba5 (deg=10);duplicateOf=c539113210a84e1eaea3d8340504aba5 sur d41e873a58e8e4eeb1f0ae715f884f8a, reviewStatus=pending-author;Même auteur, même millésime, même œuvre : une seule entrée au PDF, les deux nœuds n'en diffèrent que par la graphie/le libellé.
59;Orléan 1998 — La monnaie autoréférentielle | Orléan 1998 | Orleans 1998 La monnaie entre violence et confiance;206ffb42b0204d808a0923a54b25d29e | a9340f8c0366860c9b2a0e96160a6766 | 2ae1182dd62c4e2691938b122812e2b2;3;AcademicWork, Reference | Reference | Reference;homonymie-risque;ORLÉAN André, 1998, « La monnaie autoréférentielle: reflexion sur les évolution monétaire contemporaine » dans La monnai || AGLIETTA Michel et ORLÉAN André, 2002, La monnaie entre violence et confiance, Odile Jacob;;reviewStatus=homonym-check;Réserve explicite de l'audit : « Orleans 1998 La monnaie entre violence et confiance » porte le titre d'Aglietta & Orléan 2002 avec le millésime 1998 - probable doublon mal étiqueté d'une autre famille, à réaffecter plutôt qu'à fusionner ici.
60;Ostrom 1990 | Ostrom 1990 — Governing the Commons;e3b7d91585004ef7a392934a0b37292f | b86c5ec82ea14e47854fce42261981d6;2;Reference | AcademicWork, Reference;fusion-sure;OSTROM Elinor, 1990, Governing the Commons, New York, Cambridge University Press, 1990.;e3b7d91585004ef7a392934a0b37292f (deg=9);duplicateOf=e3b7d91585004ef7a392934a0b37292f sur b86c5ec82ea14e47854fce42261981d6, reviewStatus=pending-author;Même auteur, même millésime, même œuvre : une seule entrée au PDF, les deux nœuds n'en diffèrent que par la graphie/le libellé.
61;Polanyi 1944 / 2011 | Polanyi 1944 — La grande transformation;f4bf1b02802f4f91b607a50377f06114 | 1782b07fc7cc459e9636817b6350be4f;2;Reference | AcademicWork, Reference;doublon-probable;POLANYI Karl, 1944, La grande transformation : aux origines politiques et économiques de notre temps, Paris, Gallimard, ;f4bf1b02802f4f91b607a50377f06114 (deg=9);duplicateOf=f4bf1b02802f4f91b607a50377f06114 sur 1782b07fc7cc459e9636817b6350be4f, reviewStatus=pending-author;Une seule entrée 1944 au PDF (La grande transformation, rééd. 2004) : « Polanyi 1944 / 2011 » désigne vraisemblablement la même œuvre sous une autre édition, à confirmer (le PDF a par ailleurs Polanyi 2011 = La subsistance, œuvre distincte).
62;Polanyi 2011 — La subsistance de l'homme | Polanyi 2011;24d1f1fef4004261b7828cee4ef56038 | d59d4daf9118bb32716098b7f00f0328;2;AcademicWork, Reference | Reference;fusion-sure;POLANYI Karl, 2011, La subsistance de l’homme : La place de l’économie dans l’histoire et la société [trad B Chavance], ;24d1f1fef4004261b7828cee4ef56038 (deg=12);duplicateOf=24d1f1fef4004261b7828cee4ef56038 sur d59d4daf9118bb32716098b7f00f0328, reviewStatus=pending-author;Même auteur, même millésime, même œuvre : une seule entrée au PDF, les deux nœuds n'en diffèrent que par la graphie/le libellé.
63;Pouliot 2018 — Bitcoin: l'histoire cachée | Pouliot 2018;c7bab4b241524b4a833a2869b6839dd5 | a605c562dc792727eb4644dcc2c6ae50;2;Reference | Reference;doublon-probable;POULIOT Francis, 2018, « Catallaxy: the origins of Bitcoin and innovation », https://medium.com/@francispouliot/catallax;c7bab4b241524b4a833a2869b6839dd5 (deg=26);duplicateOf=c7bab4b241524b4a833a2869b6839dd5 sur a605c562dc792727eb4644dcc2c6ae50, reviewStatus=pending-author;Une seule entrée Pouliot au PDF (« Catallaxy: the origins of Bitcoin and innovation ») mais le titre « Bitcoin: l'histoire cachée » ne la recoupe pas mot à mot - même auteur même année, titre à confirmer.
64;Raskin et Yermack 2016 | Raskin & Yermack 2016 — Digital currencies, decentralized ledgers, and the future of central banking;a97e6731b97b32372dc29020e1317b59 | 4f8f09e6db31439399896568354c0f56;2;Reference | Reference;fusion-sure;RASKIN Max et YERMACK David, 2016, « Digital currencies, decentralized ledgers, and the future of central banking », Nat;a97e6731b97b32372dc29020e1317b59 (deg=6);duplicateOf=a97e6731b97b32372dc29020e1317b59 sur 4f8f09e6db31439399896568354c0f56, reviewStatus=pending-author;Même auteur, même millésime, même œuvre : une seule entrée au PDF, les deux nœuds n'en diffèrent que par la graphie/le libellé.
65;Rauchs 2016 | Rauchs 2016 — Cryptocurrencies meeting business ecosystems;4ed01f7542be4de9b53d4f30516ab5fb | 9531cc48ccec4fa3b4dec6e4ea90f907;2;Reference | AcademicWork, Reference;fusion-sure;RAUCHS Michel, 2016, « Cryptocurrencies meeting business ecosystems : the case of bitcoin », https://papers.ssrn.com/sol;4ed01f7542be4de9b53d4f30516ab5fb (deg=22);duplicateOf=4ed01f7542be4de9b53d4f30516ab5fb sur 9531cc48ccec4fa3b4dec6e4ea90f907, reviewStatus=pending-author;Même auteur, même millésime, même œuvre : une seule entrée au PDF, les deux nœuds n'en diffèrent que par la graphie/le libellé.
66;Rauchs et al. 2018 | Rauchs et al. 2018 — Distributed Ledger Systems Conceptual Framework;9984b3924a284a1d881e34ffcf669c39 | c90459607fca4768b307d096e3e05378;2;Reference | AcademicWork, Reference;fusion-sure;RAUCHS Michel, GLIDDEN Andrew, GORDON Brian, PIETERS Gina, RECANATINI Martino, ROSTAND François, VAGNEUR Kathryn et ZHAN;9984b3924a284a1d881e34ffcf669c39 (deg=14);duplicateOf=9984b3924a284a1d881e34ffcf669c39 sur c90459607fca4768b307d096e3e05378, reviewStatus=pending-author;Même auteur, même millésime, même œuvre : une seule entrée au PDF, les deux nœuds n'en diffèrent que par la graphie/le libellé.
67;Redman 2019b — Wrapped Bitcoin (WBTC) launch on Ethereum | Redman 2019b;6e2f338bb3bc4a04aa0fa3dfa8931318 | db27994d43c54873939c11e21dcf0ebe;2;Reference | GreyLiterature, Reference;fusion-sure;REDMAN Jamie, 2019b, « The “Wrapped Bitcoin ” Project Has Now Officially Launched on Ethereum », https://news.bitcoin.co;6e2f338bb3bc4a04aa0fa3dfa8931318 (deg=29);duplicateOf=6e2f338bb3bc4a04aa0fa3dfa8931318 sur db27994d43c54873939c11e21dcf0ebe, reviewStatus=pending-author;Même auteur, même millésime, même œuvre : une seule entrée au PDF, les deux nœuds n'en diffèrent que par la graphie/le libellé.
68;Rolland & Slim 2017 — Économie politique du Bitcoin | Rolland & Slim 2017;708e681a656d41fd9104328794cab822 | 0ea689b1511b481e9df16233058bcce1;2;AcademicWork, Reference | Reference;fusion-sure;ROLLAND Maël et SLIM Assen, 2017, « Économie politique du Bitcoin : l’institutionnalisation d’une monnaie sans instituti;708e681a656d41fd9104328794cab822 (deg=28);duplicateOf=708e681a656d41fd9104328794cab822 sur 0ea689b1511b481e9df16233058bcce1, reviewStatus=pending-author;Même auteur, même millésime, même œuvre : une seule entrée au PDF, les deux nœuds n'en diffèrent que par la graphie/le libellé.
69;Rosenfeld 2012 | Rosenfeld 2012 — Colored Coins;3737dd82ad0e4819aaacee0061c57c58 | b911a98badbc4c76bdb0df93b26ec47e;2;IndigenousLiterature, Reference | Reference;fusion-sure;ROSENFELD Meni, 2012, « Overview of Colored Coins », https://allquantor.at/blockchainbib/pdf/rosenfeld2012overview.pdf, ;3737dd82ad0e4819aaacee0061c57c58 (deg=4);duplicateOf=3737dd82ad0e4819aaacee0061c57c58 sur b911a98badbc4c76bdb0df93b26ec47e, reviewStatus=pending-author;Même auteur, même millésime, même œuvre : une seule entrée au PDF, les deux nœuds n'en diffèrent que par la graphie/le libellé.
70;Russo 2020 — The Infinite Machine Ethereum | Russo 2020 Infinite Machine;bcb6224ca258462e815df9678e1992b1 | e70690b67c514557baade09dd0410872;2;AcademicWork, Reference | Reference;fusion-sure;RUSSO Camila, 2020, The Infinite Machine: How an Army of Crypto -Hackers Is Building the Next Internet with Ethereum, Ne;bcb6224ca258462e815df9678e1992b1 (deg=32);duplicateOf=bcb6224ca258462e815df9678e1992b1 sur e70690b67c514557baade09dd0410872, reviewStatus=pending-author;Même auteur, même millésime, même œuvre : une seule entrée au PDF, les deux nœuds n'en diffèrent que par la graphie/le libellé.
71;Selgin 2013 Synthetic Commodity Money | Selgin 2013 — Quasi-Commodity Money;adc1a4d09cfb4a6892dfc8fa49cad2fc | 5680ab9e9b6a4a1f8f66964f7214266a;2;Reference | AcademicWork, Reference;homonymie-risque;SELGIN George, 2013, « Quasi-Commodity Money », SSRN Electronic Journal, 10 avril 2013. || SELGIN George, 2014b, « Synthetic Commodity Money », Journal of Financial Stability, juillet 2014;;reviewStatus=homonym-check;Le PDF porte DEUX entrées Selgin distinctes (2013 « Quasi-Commodity Money » et 2014b « Synthetic Commodity Money ») : le nœud « Selgin 2013 Synthetic Commodity Money » chevauche les deux - risque de confusion entre deux références.
72;Servet Dufresne 2021 | Servet & Dufrêne 2021 — Monnaie et société numérique;1f8cc3add79945b5bbcb31e9e211880c | a6d5a701247c4ea196363a9b42b5c68e;2;Reference | Reference;doublon-probable;SERVET Jean Michel et DUFRÊNE Nicolas, 2021, « Le bitcoin devient un danger pour le système monétaire et financier et po;1f8cc3add79945b5bbcb31e9e211880c (deg=2);duplicateOf=1f8cc3add79945b5bbcb31e9e211880c sur a6d5a701247c4ea196363a9b42b5c68e, reviewStatus=pending-author;Une seule entrée Servet & Dufrêne 2021 au PDF (tribune « Le bitcoin devient un danger... ») : le sous-titre « Monnaie et société numérique » du second nœud ne la recoupe pas - même duo d'auteurs même année, titre à confirmer.
73;Shin 2022 Cryptopians | Shin 2022 — The Cryptopians;2461f0fb8d904328aa1dfe60c5d547b8 | 89e4b24810e94abe98890e581be45e7d;2;Reference | AcademicWork, Reference;fusion-sure;SHIN Laura, 2022, The Cryptopians: Idealism, Greed, Lies, and the Making of the First Big Cryptocurrency Craze, New York;2461f0fb8d904328aa1dfe60c5d547b8 (deg=14);duplicateOf=2461f0fb8d904328aa1dfe60c5d547b8 sur 89e4b24810e94abe98890e581be45e7d, reviewStatus=pending-author;Même auteur, même millésime, même œuvre : une seule entrée au PDF, les deux nœuds n'en diffèrent que par la graphie/le libellé.
74;Star & Ruhleder 2010 | Star & Ruhleder 2010 — Vers une écologie de l'infrastructure;940fa052d3004315bb56e5785d746fe7 | a5f0ee04162d4434ba7329ac575da1e4;2;Reference | AcademicWork, Reference;fusion-sure;STAR Susan Leigh et RUHLEDER, K aren. (2010) . « Vers une écologie de l'infrastructure Conception et accès aux grands es || LEIGH STAR Susan et RUHLEDER Karen, 2010, « Vers une écologie de l'infrastructure : Conception et accès aux grands espac;940fa052d3004315bb56e5785d746fe7 (deg=8);duplicateOf=940fa052d3004315bb56e5785d746fe7 sur a5f0ee04162d4434ba7329ac575da1e4, reviewStatus=pending-author;Même auteur, même millésime, même œuvre : une seule entrée au PDF, les deux nœuds n'en diffèrent que par la graphie/le libellé.
75;Star 1999 Ethnography Infrastructure | Star 1999 — Ethnography of Infrastructure;f9dffa750bf5466eb6ab2c836395672c | e054a8412cf847b7b75c471e72bc414f;2;Reference | AcademicWork, Reference;fusion-sure;STAR Susan Leigh, 1999, « Ethnography of infrastructure », American Behavioral Scientist , 1999, vol. 43, p. 377-391.;f9dffa750bf5466eb6ab2c836395672c (deg=20);duplicateOf=f9dffa750bf5466eb6ab2c836395672c sur e054a8412cf847b7b75c471e72bc414f, reviewStatus=pending-author;Même auteur, même millésime, même œuvre : une seule entrée au PDF, les deux nœuds n'en diffèrent que par la graphie/le libellé.
76;Stiglitz 2017 — Bitcoin ought to be outlawed (Bloomberg) | Stiglitz 2017;9aa951e44e7c4548b534561d9413f5d3 | e030d16a8f2c28d30382cb57c6ea6b61;2;Reference | Reference;fusion-sure;« Bitcoin ‘Ought to Be Outlawed,’ Nobel Prize Winner Stiglitz Says - Bloomberg », 29 novembre 2017, https://www.bloomber;9aa951e44e7c4548b534561d9413f5d3 (deg=23);duplicateOf=9aa951e44e7c4548b534561d9413f5d3 sur e030d16a8f2c28d30382cb57c6ea6b61, reviewStatus=pending-author;Même auteur, même millésime, même œuvre : une seule entrée au PDF, les deux nœuds n'en diffèrent que par la graphie/le libellé.
77;Théret 2008 — Les trois états de la monnaie | Theret 2008 Etats de la monnaie;22c9a9932b054b36959436c08c50d93e | a5deed892210461c9bddf8a8e3485537;2;AcademicWork, Reference | Reference;fusion-sure;THÉRET Bruno, 2008, « Les trois états de la monnaie », Revue économique, 2008, vol. 59, no 4, p.813- 840.;22c9a9932b054b36959436c08c50d93e (deg=14);duplicateOf=22c9a9932b054b36959436c08c50d93e sur a5deed892210461c9bddf8a8e3485537, reviewStatus=pending-author;Même auteur, même millésime, même œuvre : une seule entrée au PDF, les deux nœuds n'en diffèrent que par la graphie/le libellé.
78;Tirole 2017 — Many reasons to be cautious about bitcoin | Tirole 2017 Enigma Bitcoin;2f1fca7ac1ff4ab39e90612457ec8dad | f192347519d44d48934b740b73a73f27;2;GreyLiterature, Reference | Reference;doublon-probable;TIROLE Jean, 2017, « There are many reasons to be cautious about bitcoin », https://www.ft.com/content/1c034898-d50f-11e;2f1fca7ac1ff4ab39e90612457ec8dad (deg=27);duplicateOf=2f1fca7ac1ff4ab39e90612457ec8dad sur f192347519d44d48934b740b73a73f27, reviewStatus=pending-author;Une seule entrée Tirole 2017 au PDF (tribune FT) : « Enigma Bitcoin » renvoie plausiblement à la même tribune sous son intitulé français - convergence forte, titre à confirmer.
79;Van Wirdum 2014 — The democratization of finance through Bitcoin | Wirdum 2014;eee5305b0f8a4c3ca93b4a37257c1be2 | dd5827d0f60ca83da5c8790159348427;2;Reference | Reference;fusion-sure;WIRDUM Aaron van, 2014, « Why Bitcoin Really Does Represent the Democratization of Money », Bitcoin Magazine , https://b;eee5305b0f8a4c3ca93b4a37257c1be2 (deg=24);duplicateOf=eee5305b0f8a4c3ca93b4a37257c1be2 sur dd5827d0f60ca83da5c8790159348427, reviewStatus=pending-author;Même auteur, même millésime, même œuvre : une seule entrée au PDF, les deux nœuds n'en diffèrent que par la graphie/le libellé.
80;Vergne & Swain 2017 — Categorical Anarchy Bitcoin British Media | Vergne & Swain 2017 Anarchic Categories;b84ba9333dae45b79c193be327fb769a | 354839e9e88649b1bfc42d89d28d1a84;2;AcademicWork, Reference | Reference;fusion-sure;VERGNE Jean Philippe et SWAIN Gautam, 2017, « Categorical Anarchy in the U.K. The British Media’s Classification of Bitc;b84ba9333dae45b79c193be327fb769a (deg=21);duplicateOf=b84ba9333dae45b79c193be327fb769a sur 354839e9e88649b1bfc42d89d28d1a84, reviewStatus=pending-author;Même auteur, même millésime, même œuvre : une seule entrée au PDF, les deux nœuds n'en diffèrent que par la graphie/le libellé.
81;Von Mises 1912 | Von Mises 1912 — The Theory of Money and Credit;7486621579b552edc8aed12feed95ddf | aa7f659399b34095acee25ec65ecef41;2;Reference | Reference;fusion-sure;VON MISES Ludwig, 1912, The theory of money and credit, New Haven, Yale University Press, 1953, Auburn, Alabama, Ludwig ;7486621579b552edc8aed12feed95ddf (deg=3);duplicateOf=7486621579b552edc8aed12feed95ddf sur aa7f659399b34095acee25ec65ecef41, reviewStatus=pending-author;Même auteur, même millésime, même œuvre : une seule entrée au PDF, les deux nœuds n'en diffèrent que par la graphie/le libellé.
82;Walch 2017 | Walch 2017a — Path of the Blockchain Lexicon;d24f408be2c115da692d12c2ace24bdd | 21d453b14d7f4cdd9ff7e8afc9ba3acd;2;Reference | AcademicWork, Reference;homonymie-risque;WALCH Angela, 2017a, « The Path of the Blockchain Lexicon (and the Law) », 36 Rev. Banking & Fin. L, 2017, vol. 191, no  || WALCH Angela, 2017b, « Open Source Operational Risk : Should Public Blockchains Serve as Financial M;;reviewStatus=homonym-check;Le PDF porte deux entrées Walch 2017 (a et b) : le membre « Walch 2017 » sans suffixe peut viser l'une ou l'autre - verification du texte cite requise.
83;Walch 2017 Governance Blockchain | Walch 2017b — Open Source Operational Risk Blockchains;9d1b623cb2a342108c12d4218294d708 | 8640638b2d78436d8b471f947583747e;2;Reference | AcademicWork, Reference;homonymie-risque;WALCH Angela, 2017b, « Open Source Operational Risk : Should Public Blockchains Serve as Financial Market Infrastructure || WALCH Angela, 2017a, « The Path of the Blockchain Lexicon (and the Law) », 36 Rev. Banking & Fin. L;;reviewStatus=homonym-check;Le PDF porte deux entrées Walch 2017 (a et b) : « Walch 2017 Governance Blockchain » ne porte ni suffixe ni le titre de 2017b - il peut viser 2017a, 2017b, voire un autre texte de Walch.
84;Wilcke 2016 Hard Fork | Wilcke 2016 — To Fork or not to Fork;5b4b67bbe5774f5d97833c0e02d10f3a | b4c29d75b01748fe9b457b73e0b045f3;2;Reference | IndigenousLiterature, Reference;fusion-sure;WILCKE Jeffrey, 2016, « To Fork or not to Fork », https://blog.ethereum.org/2016/07/15/to-Fork-or- not-to-Fork/, 15 juil;5b4b67bbe5774f5d97833c0e02d10f3a (deg=6);duplicateOf=5b4b67bbe5774f5d97833c0e02d10f3a sur b4c29d75b01748fe9b457b73e0b045f3, reviewStatus=pending-author;Même auteur, même millésime, même œuvre : une seule entrée au PDF, les deux nœuds n'en diffèrent que par la graphie/le libellé.
85;Wirdum 2019 | Van Wirdum 2019 — Stratum V2: next generation mining protocol;e57bb7366c66490b82597a1edab3d016 | e000d5189ed14e2ab391bd42d79a7426;2;GreyLiterature, Reference | Reference;fusion-sure;WIRDUM Aaron van, 2019, « Stratum V2 Could Overhaul Pooled Bitcoin Mining », Bitcoin Magazine, https://bitcoinmagazine.c;e57bb7366c66490b82597a1edab3d016 (deg=8);duplicateOf=e57bb7366c66490b82597a1edab3d016 sur e000d5189ed14e2ab391bd42d79a7426, reviewStatus=pending-author;Même auteur, même millésime, même œuvre : une seule entrée au PDF, les deux nœuds n'en diffèrent que par la graphie/le libellé.
86;Wray 2010 | Randall Wray 2010 — Modern Monetary Theory and the origins of money;7ebabc5db653f3a685220ae0bbde1c52 | 9014e9b2177a48e9a334fa483f52ccea;2;Reference | Reference;doublon-probable;RANDALL WRAY L, 2010, « Alternative Approaches to Money », Theoretical Inquiries in Law, 2010, vol. 11, no 1, p. 29‑49.;7ebabc5db653f3a685220ae0bbde1c52 (deg=8);duplicateOf=7ebabc5db653f3a685220ae0bbde1c52 sur 9014e9b2177a48e9a334fa483f52ccea, reviewStatus=pending-author;Une seule entrée Wray 2010 au PDF (« Alternative Approaches to Money ») : le titre « Modern Monetary Theory and the origins of money » du second nœud est une paraphrase à confirmer (Wray 2004 existe aussi au PDF).
87;Yellow Paper (Ethereum, Gavin Wood 2014) | Wood 2014 Yellow Paper;4d5634d4359646c9cd1ee839036724eb | 462ca3c2907a45f0a4ef51d3bddbf906;2;AcademicWork | Reference;fusion-sure;WOOD Gavin, 2014b, « “Yellow paper” : Ethereum: A Secure Decentralised Generalised Transaction Ledger (Version 2020-09-0;4d5634d4359646c9cd1ee839036724eb (deg=32);duplicateOf=4d5634d4359646c9cd1ee839036724eb sur 462ca3c2907a45f0a4ef51d3bddbf906, reviewStatus=pending-author;Même auteur, même millésime, même œuvre : une seule entrée au PDF, les deux nœuds n'en diffèrent que par la graphie/le libellé.
88;Yermack 2013 — Is Bitcoin a real currency | Yermack 2013 Real Currency;cd4ebb49a5854494a4df0bb45e292369 | 0dca90d7ef1f4ec8a2c44b20b3bbf668;2;AcademicWork, Reference | Reference;fusion-sure;YERMACK David, 2013, « Is bitcoin a real currency? An economic appraisal », National Bureau of Economic Research, 2013, ;cd4ebb49a5854494a4df0bb45e292369 (deg=24);duplicateOf=cd4ebb49a5854494a4df0bb45e292369 sur 0dca90d7ef1f4ec8a2c44b20b3bbf668, reviewStatus=pending-author;Même auteur, même millésime, même œuvre : une seule entrée au PDF, les deux nœuds n'en diffèrent que par la graphie/le libellé.
89;Zelizer 1989 | Zelizer 1989 — Social Meaning of Money Special Monies;c89bf93708224ac481afb22a55ca5362 | bc1361982acc4dff8ee8d5a270e61f34;2;Reference | AcademicWork, Reference;fusion-sure;ZELIZER Viviana A ., 1989, « The Social Meaning of Money : “Special Monies” », The American Journal of Sociology, 1989, ;c89bf93708224ac481afb22a55ca5362 (deg=13);duplicateOf=c89bf93708224ac481afb22a55ca5362 sur bc1361982acc4dff8ee8d5a270e61f34, reviewStatus=pending-author;Même auteur, même millésime, même œuvre : une seule entrée au PDF, les deux nœuds n'en diffèrent que par la graphie/le libellé.
