author_entity_id;author_name;reference_entity_id;reference_name;bibliographic_evidence;existing_authored_relation;proposed_relation;confidence;risk;decision_needed;note
ec901513fae144a0a350e798b0351c6d;Adli Takkal Bataille;e19babe53a3d4f0291ed683b3118e0ef;Favier & Takkal Bataille 2017 — Bitcoin la monnaie acéphale;assets/MD/07_bibliographie.md:476 — FAVIER Jacques et TAKKAL BATAILLE Adli, 2017, Bitcoin, la monnaie acéphale;non;authored;certaine;aucun identifié;valider la relation authored ? (arbitrage 1) — aucune application sans réponse;Co-auteur nomme dans la meme entree. Seule oeuvre de cet auteur dans la bibliographie.
be8ac28672e44ef6852fd5b1d80f3b90;Andreas Loibl;36a71df1f997487eab76b897d010da1d;Loibl 2014;relation déjà présente dans v113;oui;aucune;sans objet;aucun — rien à poser;aucune;"auteur déjà pourvu ; vérifié qu aucune autre œuvre de lui ne figure à la bibliographie"
7cd4cfe4c8d74aaaaeabcd17ebf11b3a;Gérard Dréan;3246bf2cec9e45b18d9799ba6c64c9fe;Dréan 2013;relation déjà présente dans v113;oui;aucune;sans objet;aucun — rien à poser;aucune;"auteur déjà pourvu ; vérifié qu aucune autre œuvre de lui ne figure à la bibliographie"
53525938440543a5af359337eeab9823;Jacques Favier;e19babe53a3d4f0291ed683b3118e0ef;Favier & Takkal Bataille 2017 — Bitcoin la monnaie acéphale;assets/MD/07_bibliographie.md:476 — FAVIER Jacques et TAKKAL BATAILLE Adli, 2017, Bitcoin, la monnaie acéphale;non;authored;certaine;aucun identifié;valider la relation authored ? (arbitrage 1) — aucune application sans réponse;Ouvrage co-signe, CNRS Editions, 280 p. Auteur nomme en premiere position dans l entree.
53525938440543a5af359337eeab9823;Jacques Favier;b84f59ace9b6403c88067c46af4c7582;Favier 2017 — Tulipes (blog La voie du Bitcoin);assets/MD/07_bibliographie.md:474 — FAVIER Jacques, 2017, « Tulipes »;non;authored;certaine;aucun identifié;valider la relation authored ? (arbitrage 1) — aucune application sans réponse;"Billet de blog signe seul. La fiche porte title=« Tulipes (blog La voie du Bitcoin) » et year=2017 ; l entree donne blog.lavoiedubitcoin.info — l editeur concorde."
53525938440543a5af359337eeab9823;Jacques Favier;7f0f9cc4c27040a78115b0294fd9bfe1;Favier 2021 — Bitcoin et la religion (La voie du Bitcoin);assets/MD/07_bibliographie.md:472 — FAVIER Jacques, 2021, « Le Bitcoin, la religion du XXIe siècle née des mathématiques;non;authored;certaine;"DETTE SEPAREE : le NOM de la fiche dit « (La voie du Bitcoin) » alors que l entree donne un podcast parlonsbitcoin.com. L editeur de la fiche est faux ; la paternite ne l est pas.";valider la relation authored ? (arbitrage 1) — aucune application sans réponse;Unique entree Favier 2021 de la bibliographie : aucune ambiguite sur l auteur. La fiche ne porte AUCUN attribut, son seul appui est son nom — d ou la verification par unicite de l entree plutot que par concordance d attributs.
5fc4278b78704f6c92c3744e2654518a;Laura DeNardis;e0b40d91bb424defaa9acf37536f339e;DeNardis & Musiani 2014 — Governance by Infrastructure;assets/MD/07_bibliographie.md:394 — DENARDIS Laura et MUSIANI Francesca, 2014, « Governance by Infrastructure;non;NON;ecartee;DOUBLON : decrit la MEME entree que 2272e5b8, qui porte deja l authored de DeNardis. Poser un second authored graverait le doublon en oeuvre distincte.;instruire comme doublon bibliographique, chantier distinct — ne PAS poser d authored;A instruire comme doublon (fusion ou duplicateOf), pas comme paternite manquante. Hors perimetre de ce chantier.
5fc4278b78704f6c92c3744e2654518a;Laura DeNardis;2272e5b8d44449d29f7429c2f59b5615;DeNardis et Musiani 2014;relation déjà présente dans v113;oui;aucune;sans objet;aucun — rien à poser;aucune;"auteur déjà pourvu ; vérifié qu aucune autre œuvre de lui ne figure à la bibliographie"
b332ace807b84fe4ab2373b8dc8f4856;Shinobi (pseudonyme);0eaba96a5e48469fb4e8b0d60f13e155;Shinobi 2022;relation déjà présente dans v113;oui;aucune;sans objet;aucun — rien à poser;aucune;"auteur déjà pourvu ; vérifié qu aucune autre œuvre de lui ne figure à la bibliographie"
