entity_id;entity_name;entity_types;cle_date;date_graphe;dateSource_graphe;motif_selection;date_externe;statut;nb_sources;qualite_source;sources;ecart;decision_requise;question_pour_mael;notes
db9a125c;Bitcoin CVE 2018-17144;CrisisEvent;date;2018-09-01T00:00:00.000Z;;"coeur demonstratif ch.III (crise 1/2) ; jour 01 suspect (troncature au mois stockee en timestamp complet)";"2018-09-17 signalement ; 2018-09-18 correctif 0.16.3 ; 2018-09-20 divulgation complete";confirme;4;primaire;https://raw.githubusercontent.com/bitcoin-core/bitcoincore.org/master/_posts/en/posts/2018-09-20-notice.md|https://github.com/bitcoin/bitcoin/pull/14247|https://github.com/bitcoin/bitcoin/releases/tag/v0.16.3|https://raw.githubusercontent.com/bitcoin-dot-org/Bitcoin.org/master/_alerts/2018-09-21-required-upgrade.md;"mois exact ; le jour 01 n'est atteste par aucune source";oui;Q1;"notice bitcoincore.org (depot source) : « 14:57 anonymous reporter reports crash bug to: Pieter Wuille, Greg Maxwell, Wladimir Van Der Laan of Bitcoin Core, deadalnix of Bitcoin ABC, and sickpig of Bitcoin Unlimited » (17/09/2018) ; « Bitcoin Core PR 14247 published with patch and test demonstrating the Denial of Service bug » ; « a fix for which was released on September 18th in Bitcoin Core versions 0.16.3 and 0.17.0rc4 » ; « On September 20th a post in a public forum reported the full impact ». PR #14247 : « Sep 17, 2018 » (ouverture et merge). Tag v0.16.3 : « 18 Sep 21:14 ». Alerte Bitcoin.org du 2018-09-21 : « A bug fixed in 0.16.3 is more severe than was previously made public ». Le miroir btcphilosophyfork (https://raw.githubusercontent.com/kallerosenbaum/btcphilosophyfork/master/sources/trustlessness/cve-2018-17144.adoc) redit le meme texte, il n'a pas ete compte comme source independante."
9c3c6d95;CVE-2018-17144 — Signalement et divulgation responsable;CrisisPhase;timeStart|timeEnd;2018-09-17|2018-09-20;;"phase de la crise centrale du ch.III ; bornes datees, verifiables";"2018-09-17 (signalement) ; 2018-09-20 (divulgation complete)";confirme;2;primaire;https://raw.githubusercontent.com/bitcoin-core/bitcoincore.org/master/_posts/en/posts/2018-09-20-notice.md|https://github.com/bitcoin/bitcoin/pull/14247;0;oui;Q2;"Bornes attestees. MAIS incoherence interne du graphe : cette phase (order=0) se termine le 20/09 alors que la phase order=1 (143db183) se termine le 18/09 et que la phase order=3 (896a139f) commence le 20/09. Le decoupage en phases est une analyse de l'auteur, pas un fait externe ; seules les bornes 17, 18 et 20 septembre sont datees par les sources."
143db183;CVE-2018-17144 — Évaluation en huis clos;CrisisPhase;timeStart|timeEnd;2018-09-17|2018-09-18;;"phase de la crise centrale du ch.III ; borne de fin = date du correctif";"2018-09-17 (signalement 14:57 UTC, PR 21:57 UTC) ; 2018-09-18 (release 0.16.3)";confirme;2;primaire;https://raw.githubusercontent.com/bitcoin-core/bitcoincore.org/master/_posts/en/posts/2018-09-20-notice.md|https://github.com/bitcoin/bitcoin/pull/14247;0;non;;Les deux bornes tombent sur des actes dates par la notice et par les metadonnees GitHub du PR #14247. Voir la reserve d'ordonnancement notee sur 9c3c6d95.
06ac37fc;InfrastructureEvent — Nakamoto crée le forum Bitcointalk;InfrastructureEvent;date;2009-11-22;"Thèse — Chronologie (figure) Chapitre I.2 ; dateAuthority=TIMELINE_FIGURE";"cas prioritaire 2 : deux fiches, meme jour-mois, annees differentes ; date dont le graphe est la seule trace (TIMELINE_FIGURE)";2009-11-22;indice_unique;3;primaire;https://raw.githubusercontent.com/lugaxker/nakamoto-archive/master/doc/bitcoin-forum/0005-00028.md|https://raw.githubusercontent.com/lugaxker/nakamoto-archive/master/doc/bitcoin-forum/0006-00029.md|https://raw.githubusercontent.com/lugaxker/nakamoto-archive/master/README.md;0;non;;Premier message archive du forum : « Date: November 22, 2009, 06:04:28 PM », auteur « satoshi », fil « Welcome to the new Bitcoin forum! ». Second post du meme jour : « November 22, 2009, 06:31:44 PM », fil « Bitcoin Maturation ». Table des sources de l'archive : « bitcoin-forum-satoshi-nakamoto.tgz | 2009-11-22 | Bitcoin forum posts, with context ». Statut indice_unique et non confirme : les trois URL viennent du MEME depot (lugaxker/nakamoto-archive), elles ne sont donc pas independantes. bitcointalk.org, en.bitcoin.it, satoshi.nakamotoinstitute.org et archive.org sont bloques par le proxy.
0d81bba0;InfrastructureEvent — BitcoinTalk forum created;InfrastructureEvent;date;2010-11-22;"Thèse — Chronologie 2 (p.88) ; dateAuthority=TIMELINE_FIGURE";cas prioritaire 2 : doublon anglais de 06ac37fc avec une annee differente;2009-11-22;refute;3;primaire;https://raw.githubusercontent.com/lugaxker/nakamoto-archive/master/doc/bitcoin-forum/0005-00028.md|https://raw.githubusercontent.com/lugaxker/nakamoto-archive/master/doc/bitcoin-forum/0006-00029.md|https://raw.githubusercontent.com/lugaxker/nakamoto-archive/master/README.md;+1 an (2010 au lieu de 2009);oui;Q3;"Refutation appuyee sur (a) l'archive Nakamoto : le premier message du forum est date du « November 22, 2009, 06:04:28 PM » ; (b) une contradiction INTERNE au graphe : l'attribut description de cette meme fiche dit « Forum Bitcoin cree par Satoshi Nakamoto en novembre 2009 (initialement Bitcoin Forum) » alors que son attribut date dit 2010-11-22. Reserve : les URL externes proviennent d'un seul depot d'archive ; je n'ai pas pu croiser avec bitcointalk.org ni en.bitcoin.it (bloques)."
3c3d4fec;InfrastructureEvent — Lancement d'Ethereum (Frontier, 30 juillet 2015);InfrastructureEvent;date;30/07/2015;;"cas prioritaire 3 ; format DD/MM/YYYY ambigu ; verdict anterieur a re-verifier (dates-verification-externe.csv)";2015-07-30;indice_unique;1;primaire;https://raw.githubusercontent.com/ethereum/execution-specs/master/docs/specs/protocol_history.md;0;oui;Q4;ethereum/execution-specs, docs/specs/protocol_history.md : ligne « Frontier | 1 | 2015-07-30 ». Le verdict anterieur du depot (CONFIRME_EXTERNE_GRAPHE_DEJA_JUSTE, appuye sur le blog de la Fondation et CoinDesk) est donc CONFIRME par une source differente — mais avec une seule source, je le classe indice_unique et non confirme. Source d'appoint non comptee : la release geth v1.0.0 (https://github.com/ethereum/go-ethereum/releases/tag/v1.0.0) affiche « 29 Jul 14:44 » et se decrit comme « the first major and first live-net version of the go-ethereum client geth », mais GitHub n'affiche pas l'annee sur cette page — je ne peux donc pas l'utiliser comme datation. blog.ethereum.org et coindesk.com sont bloques par le proxy.
6f8631ea;Ethereum Hard Fork — Frontier Thawing;ProtocolChange (chronologie HF);date;2015-08-04;"Chronologie des HF d'Ethereum V1 (M. Rolland) ; dateAuthority=AUTHOR_VERIFIED";"cas prioritaire 3 ; date dont le graphe est la seule trace (chronologie personnelle non publiee)";2015-09-07 (activation, bloc 200 000);two_distinct_events_possible;1;primaire;https://raw.githubusercontent.com/ethereum/execution-specs/master/docs/specs/protocol_history.md;+34 jours entre la date du graphe et l'activation attestee;oui;Q5;"execution-specs : ligne « Frontier Thawing | 200000 | 2015-09-07 ». Deux actes sont plausibles : (a) l'ANNONCE du protocole update par la Fondation Ethereum, que la recherche web situe le 04/08/2015 (billet « Ethereum Protocol Update 1 ») — je n'ai PAS pu recuperer ce billet, blog.ethereum.org etant bloque par le proxy, donc cette jambe n'est PAS verifiee ; (b) l'ACTIVATION au bloc 200 000, le 07/09/2015, attestee. Ne pas traiter comme une contradiction tant que la jambe (a) n'est pas verifiee."
2daf1473;Ethereum Hard Fork — Homestead;ProtocolChange (chronologie HF);date;2016-03-14;"Chronologie des HF d'Ethereum V1 (M. Rolland) ; dateAuthority=AUTHOR_VERIFIED";"cas prioritaire 7 (hard forks Ethereum) ; date dont le graphe est la seule trace publique (chronologie personnelle « non mobilisee dans la these »)";2016-03-14;indice_unique;3;primaire;https://raw.githubusercontent.com/ethereum/execution-specs/master/docs/specs/protocol_history.md|https://github.com/ethereum/EIPs/blob/master/EIPS/eip-606.md|https://github.com/ethereum/go-ethereum/blob/master/params/config.go;0;non;;"execution-specs : « Homestead | 1150000 | 2016-03-14 ». EIP-606 (« Hardfork Meta: Homestead ») confirme « Mainnet: Block 1,150,000 » et renvoie a un billet du blog EF du 29/02/2016 — soit une date d'ANNONCE distincte de l'activation ; le graphe retient bien l'activation. Seule execution-specs porte la date : une source datante, d'ou indice_unique. Bloc d'activation : 1 150 000. Une seule source DATANTE a ete accessible pour l'ensemble des forks (ethereum/execution-specs) : ethereum.org, blog.ethereum.org, etherscan et wikipedia sont bloques par le proxy. D'ou indice_unique pour toute la serie."
dfc2028b;Ethereum Hard Fork — Tangerine Whistle;ProtocolChange (chronologie HF);date;2016-10-18;"Chronologie des HF d'Ethereum V1 (M. Rolland) ; dateAuthority=AUTHOR_VERIFIED";"cas prioritaire 7 (hard forks Ethereum) ; date dont le graphe est la seule trace publique (chronologie personnelle « non mobilisee dans la these »)";2016-10-18;indice_unique;2;primaire;https://raw.githubusercontent.com/ethereum/execution-specs/master/docs/specs/protocol_history.md|https://github.com/ethereum/go-ethereum/blob/master/params/config.go;0;non;;execution-specs : « Tangerine Whistle | 2463000 | 2016-10-18 ». params/config.go confirme le bloc EIP150 = 2 463 000 mais ne porte aucune date. Bloc d'activation : 2 463 000. Une seule source DATANTE a ete accessible pour l'ensemble des forks (ethereum/execution-specs) : ethereum.org, blog.ethereum.org, etherscan et wikipedia sont bloques par le proxy. D'ou indice_unique pour toute la serie.
90748c44;Ethereum Hard Fork — Spurious Dragon;ProtocolChange (chronologie HF);date;2016-11-22;"Chronologie des HF d'Ethereum V1 (M. Rolland) ; dateAuthority=AUTHOR_VERIFIED";"cas prioritaire 7 (hard forks Ethereum) ; date dont le graphe est la seule trace publique (chronologie personnelle « non mobilisee dans la these »)";2016-11-22;indice_unique;3;primaire;https://raw.githubusercontent.com/ethereum/execution-specs/master/docs/specs/protocol_history.md|https://raw.githubusercontent.com/ethereum/EIPs/master/EIPS/eip-607.md|https://github.com/ethereum/go-ethereum/blob/master/params/config.go;0;non;;execution-specs : « Spurious Dragon | 2675000 | 2016-11-22 ». EIP-607 confirme « Block >= 2,675,000 » et renvoie au billet EF du 18/11/2016 (annonce) : le graphe retient l'activation, pas l'annonce. Piege signale : une lecture de la page ethereum.org/ethereum-forks laisse croire au 18/11. Bloc d'activation : 2 675 000. Une seule source DATANTE a ete accessible pour l'ensemble des forks (ethereum/execution-specs) : ethereum.org, blog.ethereum.org, etherscan et wikipedia sont bloques par le proxy. D'ou indice_unique pour toute la serie.
992e94ee;Ethereum Hard Fork — Byzantium;ProtocolChange (chronologie HF);date;2017-10-16;"Chronologie des HF d'Ethereum V1 (M. Rolland) ; dateAuthority=AUTHOR_VERIFIED";"cas prioritaire 7 (hard forks Ethereum) ; date dont le graphe est la seule trace publique (chronologie personnelle « non mobilisee dans la these »)";2017-10-16;indice_unique;3;primaire;https://raw.githubusercontent.com/ethereum/execution-specs/master/docs/specs/protocol_history.md|https://raw.githubusercontent.com/ethereum/EIPs/master/EIPS/eip-609.md|https://github.com/ethereum/go-ethereum/blob/master/params/config.go;0;non;;execution-specs : « Byzantium | 4370000 | 2017-10-16 ». EIP-609 confirme « Block >= 4,370,000 on Mainnet » et cite le billet d'annonce du 12/10/2017 (annonce, pas activation). Bloc d'activation : 4 370 000. Une seule source DATANTE a ete accessible pour l'ensemble des forks (ethereum/execution-specs) : ethereum.org, blog.ethereum.org, etherscan et wikipedia sont bloques par le proxy. D'ou indice_unique pour toute la serie.
801ceac5;Ethereum Hard Fork — St. Petersburg;ProtocolChange (chronologie HF);date;2019-02-28;"Chronologie des HF d'Ethereum V1 (M. Rolland) ; dateAuthority=AUTHOR_VERIFIED";"cas prioritaire 7 (hard forks Ethereum) ; date dont le graphe est la seule trace publique (chronologie personnelle « non mobilisee dans la these »)";2019-02-28;indice_unique;3;primaire;https://raw.githubusercontent.com/ethereum/execution-specs/master/docs/specs/protocol_history.md|https://raw.githubusercontent.com/ethereum/EIPs/master/EIPS/eip-1716.md|https://github.com/ethereum/go-ethereum/blob/master/params/config.go;0;non;;execution-specs : « Petersburg | 7280000 | 2019-02-28 » (et « Constantinople | 7280000 | 2019-02-28 » : meme bloc, meme date — les deux forks sont simultanes). EIP-1716 confirme « Activation: Block >= 7_280_000 » et cite un billet d'annonce du 22/02/2019. Bloc d'activation : 7 280 000. Une seule source DATANTE a ete accessible pour l'ensemble des forks (ethereum/execution-specs) : ethereum.org, blog.ethereum.org, etherscan et wikipedia sont bloques par le proxy. D'ou indice_unique pour toute la serie.
36872a2e;Ethereum Hard Fork — Istanbul;ProtocolChange (chronologie HF);date;2019-12-08;"Chronologie des HF d'Ethereum V1 (M. Rolland) ; dateAuthority=AUTHOR_VERIFIED";"cas prioritaire 7 (hard forks Ethereum) ; date dont le graphe est la seule trace publique (chronologie personnelle « non mobilisee dans la these »)";2019-12-07;indice_unique;3;primaire;https://raw.githubusercontent.com/ethereum/execution-specs/master/docs/specs/protocol_history.md|https://raw.githubusercontent.com/ethereum/EIPs/master/EIPS/eip-1679.md|https://github.com/ethereum/go-ethereum/blob/master/params/config.go;-1 jour;oui;Q6;"execution-specs : « Istanbul | 9069000 | 2019-12-07 » contre 2019-12-08 dans le graphe. EIP-1679 confirme « Block >= 9,069,000 on the Ethereum Mainnet » mais ne donne aucune date. Ecart d'un jour : compatible avec une bascule UTC/fuseau autour de minuit ; UNE source ne suffit pas a trancher. Ne pas corriger sans une seconde source (etherscan, blog EF : bloques). Bloc d'activation : 9 069 000. Une seule source DATANTE a ete accessible pour l'ensemble des forks (ethereum/execution-specs) : ethereum.org, blog.ethereum.org, etherscan et wikipedia sont bloques par le proxy. D'ou indice_unique pour toute la serie."
69bbc016;Ethereum Hard Fork — Muir Glacier;ProtocolChange (chronologie HF);date;2020-01-02;"Chronologie des HF d'Ethereum V1 (M. Rolland) ; dateAuthority=AUTHOR_VERIFIED";"cas prioritaire 7 (hard forks Ethereum) ; date dont le graphe est la seule trace publique (chronologie personnelle « non mobilisee dans la these »)";2020-01-02;indice_unique;3;primaire;https://raw.githubusercontent.com/ethereum/execution-specs/master/docs/specs/protocol_history.md|https://raw.githubusercontent.com/ethereum/EIPs/master/EIPS/eip-2387.md|https://github.com/ethereum/go-ethereum/blob/master/params/config.go;0;non;;execution-specs : « Muir Glacier | 9200000 | 2020-01-02 ». EIP-2387 confirme « Block >= 9,200,000 on the Ethereum mainnet » (created: 2019-11-22) sans date d'activation. Bloc d'activation : 9 200 000. Une seule source DATANTE a ete accessible pour l'ensemble des forks (ethereum/execution-specs) : ethereum.org, blog.ethereum.org, etherscan et wikipedia sont bloques par le proxy. D'ou indice_unique pour toute la serie.
c4427c0f;Ethereum Hard Fork — Berlin;ProtocolChange (chronologie HF);date;2021-04-15;"Chronologie des HF d'Ethereum V1 (M. Rolland) ; dateAuthority=AUTHOR_VERIFIED";"cas prioritaire 7 (hard forks Ethereum) ; date dont le graphe est la seule trace publique (chronologie personnelle « non mobilisee dans la these »)";2021-04-15;indice_unique;2;primaire;https://raw.githubusercontent.com/ethereum/execution-specs/master/docs/specs/protocol_history.md|https://github.com/ethereum/go-ethereum/blob/master/params/config.go;0;non;;execution-specs : « Berlin | 12244000 | 2021-04-15 ». params/config.go confirme BerlinBlock = 12 244 000, sans date. Bloc d'activation : 12 244 000. Une seule source DATANTE a ete accessible pour l'ensemble des forks (ethereum/execution-specs) : ethereum.org, blog.ethereum.org, etherscan et wikipedia sont bloques par le proxy. D'ou indice_unique pour toute la serie.
7793fdb7;Ethereum Hard Fork — London;ProtocolChange (chronologie HF);date;2021-08-05;"Chronologie des HF d'Ethereum V1 (M. Rolland) ; dateAuthority=AUTHOR_VERIFIED";"cas prioritaire 7 (hard forks Ethereum) ; date dont le graphe est la seule trace publique (chronologie personnelle « non mobilisee dans la these »)";2021-08-05;indice_unique;2;primaire;https://raw.githubusercontent.com/ethereum/execution-specs/master/docs/specs/protocol_history.md|https://github.com/ethereum/go-ethereum/blob/master/params/config.go;0;non;;execution-specs : « London | 12965000 | 2021-08-05 ». params/config.go confirme LondonBlock = 12 965 000, sans date. Bloc d'activation : 12 965 000. Une seule source DATANTE a ete accessible pour l'ensemble des forks (ethereum/execution-specs) : ethereum.org, blog.ethereum.org, etherscan et wikipedia sont bloques par le proxy. D'ou indice_unique pour toute la serie.
ed784dce;Ethereum Hard Fork — Arrow Glacier;ProtocolChange (chronologie HF);date;2021-12-09;"Chronologie des HF d'Ethereum V1 (M. Rolland) ; dateAuthority=AUTHOR_VERIFIED";"cas prioritaire 7 (hard forks Ethereum) ; date dont le graphe est la seule trace publique (chronologie personnelle « non mobilisee dans la these »)";2021-12-09;indice_unique;2;primaire;https://raw.githubusercontent.com/ethereum/execution-specs/master/docs/specs/protocol_history.md|https://github.com/ethereum/go-ethereum/blob/master/params/config.go;0;non;;execution-specs : « Arrow Glacier | 13773000 | 2021-12-09 ». params/config.go confirme ArrowGlacierBlock = 13 773 000, sans date. Bloc d'activation : 13 773 000. Une seule source DATANTE a ete accessible pour l'ensemble des forks (ethereum/execution-specs) : ethereum.org, blog.ethereum.org, etherscan et wikipedia sont bloques par le proxy. D'ou indice_unique pour toute la serie.
94ce188e;InfrastructureEvent — Lancement Litecoin (LTC) par Charlie Lee (2011);InfrastructureEvent;date;2011-10-07;"Vérification externe 02/08/2026 ; thèse ch.I l.359 ; dateAuthority=EXTERNAL_VERIFICATION";"cas prioritaire 4 ; seul EXTERNAL_VERIFICATION du graphe ; dateSource en texte libre, sans URL ni auteur";2011-10-07 (horodatage du bloc de genese : 2011-10-07T07:31:05Z);indice_unique;1;primaire;https://raw.githubusercontent.com/litecoin-project/litecoin/master/src/chainparams.cpp;0;oui;Q7;"litecoin-project/litecoin, src/chainparams.cpp : « genesis = CreateGenesisBlock(1317972665, 2084524493, 0x1e0ffff0, 1, 50 * COIN); » soit 2011-10-07T07:31:05Z, et pszTimestamp « NY Times 05/Oct/2011 Steve Jobs, Apple's Visionary, Dies at 56 » (le bloc ne peut donc etre anterieur au 05/10/2011). Le verdict anterieur du depot (CONFIRME_EXTERNE, 2011-10-07) est donc corrobore par une source que je n'avais pas — mais UNE seule. PROBLEME DISTINCT DE LA DATE : l'attribut dateSource « Verification externe 02/08/2026 » n'est pas une source : ni URL, ni intitule, ni auteur, ni support. C'est la seule fiche du graphe portant dateAuthority=EXTERNAL_VERIFICATION, et elle est opaque."
64a49803;InfrastructureEvent — Service d’anonymisation BitLaundry;InfrastructureEvent;date;2010-09-01;"Thèse — Chronologie (figure) Chapitre I.2 ; dateAuthority=TIMELINE_FIGURE";"cas prioritaire 5 ; laisse NON_TRANCHE par un audit anterieur ; date dont le graphe est la seule trace";;non_verifie;0;;;;oui;Q8;"Re-tentative independante : aucune source recuperable. Les seuls corpus qui documentent BitLaundry (bitmixlist.org, dl.acm.org, springer, forbes, researchgate, en.bitcoin.it, archive.org) sont tous bloques par le proxy d'egress ; aucun depot GitHub consulte ne le mentionne. Je CONFIRME donc le verdict NON_TRANCHE de dates-verification-externe.csv, mais par constat d'echec, pas par preuve : ni le 01/09/2010 du graphe ni le 12/2010 de la these (ch.I n.74 l.607) ne sont etayes, et la description de la fiche dit elle-meme « lance en 2011 » — trois valeurs incompatibles sur une meme fiche."
66a59145;InfrastructureEvent — Premier échange BTC/$ (NewLibertyStandard);InfrastructureEvent;date;2009-10-05;"Thèse — Chronologie (figure) Chapitre I.2 ; dateAuthority=TIMELINE_FIGURE";"cas prioritaire 6 ; le libelle dit « echange », la date semble designer la publication d'un taux ; prototype des deux actes distincts";2009-10-05 (publication du premier taux BTC/USD);two_distinct_events_possible;1;tertiaire;https://raw.githubusercontent.com/steven2358/this-day-in-bitcoin-history/master/README.md;0 sur la date, ecart sur l'OBJET designe;oui;Q9;steven2358/this-day-in-bitcoin-history, entree « Oct 5 » : « 2009: Bitcoin user NewLibertyStandard calculates the first price of BTC. » — soit un CALCUL/publication de taux, pas un echange. La seconde jambe (premiere transaction BTC contre fiat, 12/10/2009, Martti Malmi vendant 5 050 BTC pour 5,02 $) n'a PAS pu etre verifiee : bitcointalk, archive.org, en.bitcoin.it et newlibertystandard.io sont bloques. Source tertiaire unique : ne pas s'en servir pour trancher, seulement pour poser la question de modelisation. Ne pas traiter comme une contradiction.
c4eab4f4;Attaque de The DAO;CrisisEvent;date;17/06/2016;;"coeur demonstratif ch.III (crise 2/2) ; format DD/MM/YYYY ambigu";;non_verifie;0;;;;oui;Q10;"ECHEC ASSUME, et il faut le dire : la date la plus celebre de la these n'a pas pu etre verifiee. blog.ethereum.org, blog.slock.it, coindesk, wikipedia et archive.org sont bloques ; le depot blockchainsllc/DAO ne date rien ; EIP-779 (« Hardfork Meta: DAO Fork ») ne donne que le bloc d'activation. Aucune URL recuperee = aucune source citee. NE PAS lire ce non_verifie comme un doute sur la date : c'est un doute sur MA capacite a la verifier depuis cet environnement."
e2cdb978;Ethereum Hard Fork (juillet 2016);CrisisEvent;(aucun attribut de date);;;"coeur demonstratif ch.III ; fiche centrale SANS attribut de date, la date ne vit que dans la description";2016-07-20 (bloc 1 920 000);indice_unique;3;primaire;https://raw.githubusercontent.com/ethereum/execution-specs/master/docs/specs/protocol_history.md|https://raw.githubusercontent.com/ethereum/EIPs/master/EIPS/eip-779.md|https://github.com/ethereum/go-ethereum/blob/master/params/config.go;;oui;Q11;"execution-specs : « DAO Fork | 1920000 | 2016-07-20 ». EIP-779 : « Activation: Block == 1,920,000 on Mainnet » et « Blocks with block numbers in the range [1_920_000, 1_920_009] MUST have 0x64616f2d686172642d666f726b » (soit « dao-hard-fork »). params/config.go : DAOForkBlock = 1 920 000. Le BLOC est confirme par trois sources ; la DATE ne l'est que par une. Point structurel : la fiche du hard fork de juillet 2016 ne porte AUCUN attribut de date — « 20 juillet 2016 » n'existe que dans le texte libre de sa description, donc invisible a tout traitement chronologique."
e3742113;Bitcoin Scaling Debate;CrisisEvent;date;2015-2017;;"format : une PLAGE stockee dans un champ ponctuel ; coeur demonstratif (crise d'evolution BTC)";;sans_objet;0;;;;oui;Q12;Il n'y a rien a verifier : « 2015-2017 » est une periode analytique, pas un acte datable, et elle est logee dans le meme attribut `date` que des horodatages ISO et des chaines DD/MM/YYYY. Probleme de modelisation, pas de fait.
c8b77447;Genesis Block — Lancement du protocole Bitcoin;CrisisEvent;date;03/01/2009;;"format DD/MM/YYYY ; fiche en doublon avec 70d79dda ; type CrisisEvent surprenant pour un lancement";2009-01-03 (bloc de genese : 2009-01-03T18:15:05Z);indice_unique;1;primaire;https://github.com/bitcoin/bitcoin/blob/master/src/kernel/chainparams.cpp;0;oui;Q13;"bitcoin/bitcoin, src/kernel/chainparams.cpp : « genesis = CreateGenesisBlock(1231006505, 2083236893, 0x1d00ffff, 1, 50 * COIN); » soit 2009-01-03T18:15:05Z, et pszTimestamp « The Times 03/Jan/2009 Chancellor on brink of second bailout for banks ». Deux elements du meme fichier = une seule source. Observation hors date : cette fiche est typee CrisisEvent alors que 70d79dda, meme evenement, est typee InfrastructureEvent."
70d79dda;InfrastructureEvent — Genesis Block / lancement du protocole;InfrastructureEvent;date;2009-01-03;"Thèse — Chronologie 2 (p.88) ; dateAuthority=TIMELINE_FIGURE";"date dont le graphe est la seule trace (TIMELINE_FIGURE) ; doublon de c8b77447";2009-01-03 (bloc de genese : 2009-01-03T18:15:05Z);indice_unique;1;primaire;https://github.com/bitcoin/bitcoin/blob/master/src/kernel/chainparams.cpp;0;oui;Q13;"Meme preuve que c8b77447. Les deux fiches portent la meme date sous deux formats (« 03/01/2009 » et « 2009-01-03 ») et deux types differents. Le doublon est deja signale dans chronology-events-arbitration.csv (E003, verdict REFUTE, « deja present comme evenement ; barriere de langue FR/EN »)."
45cd642a;InfrastructureEvent — First Bitcoin halving;InfrastructureEvent;date;2012-11-28;"Thèse — Chronologie 2 (p.88) ; dateAuthority=TIMELINE_FIGURE";"date dont le graphe est la seule trace (TIMELINE_FIGURE) ; evenement protocolaire verifiable";2012-11-28;indice_unique;1;tertiaire;https://raw.githubusercontent.com/steven2358/this-day-in-bitcoin-history/master/README.md;0;non;;this-day-in-bitcoin-history, entree « Nov 28 » : « 2012: First Bitcoin halving. Block reward drops from 50 BTC to 25 BTC. » Source tertiaire unique : concordante, pas probante. Je n'ai pas pu atteindre d'explorateur de blocs (tous bloques) pour horodater le bloc 210 000.
09d15bd8;InfrastructureEvent — Premier échange contre marchandise (pizzas);InfrastructureEvent;date;2010-05-21;"Thèse — Chronologie (figure) Chapitre I.2 ; dateAuthority=TIMELINE_FIGURE";"date dont le graphe est la seule trace ; ecart d'un jour avec la date communement retenue";2010-05-22 (selon la source consultee : offre de Laszlo Hanyecz);indice_unique;1;tertiaire;https://raw.githubusercontent.com/steven2358/this-day-in-bitcoin-history/master/README.md;-1 jour;oui;Q14;"this-day-in-bitcoin-history, entree « May 22 » : « 2010: Florida programmer and BitcoinTalk user Laszlo Hanyecz offers to pay 10,000 bitcoins for 2 pizzas. » Une source TERTIAIRE unique ne permet pas de dire que le graphe a tort — je m'y refuse. A noter que la litterature distingue au moins deux actes ici (le message d'offre sur bitcointalk et la transaction effective), ce qui pourrait etre un cas two_distinct_events_possible ; je n'ai pas pu le documenter (bitcointalk bloque)."
fb0bb535;InfrastructureEvent — Première transaction Bitcoin (Nakamoto → Finney);InfrastructureEvent;date;2009-01-12;"Thèse — Chronologie (figure) Chapitre I.2 ; dateAuthority=TIMELINE_FIGURE";date dont le graphe est la seule trace (TIMELINE_FIGURE);2009-01-12;indice_unique;1;tertiaire;https://raw.githubusercontent.com/steven2358/this-day-in-bitcoin-history/master/README.md;0;non;;this-day-in-bitcoin-history, entree « Jan 12 » : « 2009: The first Bitcoin transaction took place when Satoshi Nakamoto sent 10 BTC to Hal Finney. » Tertiaire, unique.
7b73ed5f;InfrastructureEvent — Lancement de Namecoin (merge mining);InfrastructureEvent;date;2011-04-18;"Thèse — Chronologie (figure) Chapitre I.2 ; dateAuthority=TIMELINE_FIGURE";"date dont le graphe est la seule trace ; verifiable par l'horodatage du bloc de genese";2011-04-17T00:26:41Z (bloc de genese);indice_unique;1;primaire;https://raw.githubusercontent.com/namecoin/namecoin-core/master/src/kernel/chainparams.cpp;-1 jour entre le bloc de genese et la date du graphe;non;;"namecoin/namecoin-core, src/kernel/chainparams.cpp : « genesis = CreateGenesisBlock(1303000001, 0xa21ea192u, 0x1c007fff, 1, 50 * COIN); » soit 2011-04-17T00:26:41Z, pszTimestamp « ... choose what comes next. Lives of your own, or a return to chains. -- V ». Ceci NE REFUTE PAS le 18/04/2011 : un bloc de genese precede normalement l'annonce publique. Compatible, pas confirmatoire."
69aa91b1;InfrastructureEvent — Introduction d’une limite de bloc (activée 2010-…);InfrastructureEvent;date;2010-07-15;"Thèse — Chronologie (figure) Chapitre I.2 ; dateAuthority=TIMELINE_FIGURE";"date dont le graphe est la seule trace ; doublon avec 4f7fd6dc (« Nakamoto introduces block size limit », meme date, autre chronologie)";;non_verifie;0;;;;oui;Q15;Non verifie : l'historique de commits de bitcoin/bitcoin pour 2010 n'est pas atteignable par WebFetch (pagination GitHub non rendue) et je refuse de citer un hash de commit de memoire. A signaler independamment de la date : 4f7fd6dc et 69aa91b1 sont deux fiches pour le meme acte, l'une issue de « Chronologie 2 (p.88) », l'autre de « Chronologie (figure) Chapitre I.2 ». Meme configuration pour le soft fork du 28/07/2010 (5b8c5959 et 714f6de9).
eeece02d;BIP-0034 — Mandatory block protocol update (Height in coinbase);CrisisEvent;date;24/03/2013;;"format DD/MM/YYYY ; BIP verifiable dans le depot officiel";2013-03-24;indice_unique;1;primaire;https://raw.githubusercontent.com/bitcoin/bips/master/bip-0034.mediawiki;0;non;;bitcoin/bips, bip-0034.mediawiki : « Block number 227,835 (timestamp 2013-03-24 15:49:13 GMT) was the last version 1 block. » La date du graphe correspond donc a la fin de l'application complete, pas a la creation de la BIP (« Assigned: 2012-07-06 »). C'est coherent, mais il faut savoir lequel des deux actes la fiche pretend dater.
d1961d60;BIP-66 — Strict DER signatures — Fake Conf & Chain Split;CrisisEvent;date;04/07/2015;;"format DD/MM/YYYY ; sert de temoin pour trancher la convention de format (cf. ca278d21)";2015-07-04;indice_unique;1;primaire;https://raw.githubusercontent.com/bitcoin-dot-org/Bitcoin.org/master/_alerts/2015-07-04-spv-mining.md;0;non;;"Alerte Bitcoin.org du 2015-07-04, « Some Miners Generating Invalid Blocks » : « Some miners are currently generating invalid blocks » ; « once 950 of the last 1,000 blocks were version 3 (v3) blocks, all upgraded miners would reject version 2 (v2) blocks » ; le seuil est atteint le 4 juillet 2015 et un mineur non mis a jour produit un bloc invalide, d'ou les forks. La BIP-66 elle-meme (https://raw.githubusercontent.com/bitcoin/bips/master/bip-0066.mediawiki) est « Assigned: 2015-01-10 » et ne date pas le split. ICI la chaine « 04/07/2015 » se lit bien JJ/MM — a comparer avec ca278d21."
ca278d21;CVE-2014-0160 — Remote memory leak via payment protocol (Heartbleed);CrisisEvent;date;04/07/2014;;format suspect : meme chaine JJ/MM que d1961d60 mais evenement documente en AVRIL 2014;avril 2014 (alerte Bitcoin.org du 2014-04-11);refute;1;primaire;https://raw.githubusercontent.com/bitcoin-dot-org/Bitcoin.org/master/_alerts/2014-04-11-heartbleed.html;lecture JJ/MM impossible : ~3 mois d'avance de la reponse sur l'incident;oui;Q16;"Alerte Bitcoin.org, front-matter « date: 2014-04-11 », titre « OpenSSL Heartbleed vulnerability », corps : « The version of OpenSSL used by Bitcoin Core software version 0.9.0 and earlier contains a bug that can reveal memory to a remote attacker » ; « Immediately upgrade to Bitcoin Core version 0.9.1 which is linked against OpenSSL version 1.0.1g » ; « This notice last updated: Fri, 11 Apr 2014 12:19:23 -0400 ». Ce que je refute est PRECISEMENT la lecture JJ/MM de « 04/07/2014 » : la reponse Bitcoin est du 11 avril 2014, elle ne peut pas preceder de trois mois un evenement du 4 juillet 2014. Lue MM/JJ, la chaine donne le 7 avril 2014, compatible. CONSEQUENCE GENERALE : croisee avec d1961d60 (« 04/07/2015 » = 4 juillet 2015, atteste), cette fiche etablit que l'attribut `date` melange AU MOINS DEUX conventions de format. Reserve : nvd.nist.gov, cve.org, osv.dev et openssl.org sont bloques, je n'ai donc pas pu recuperer la date de divulgation officielle du 07/04/2014."
72ed5cce;CVE-2013-3220 (Netsplit BIP-0050);CrisisEvent;date;Mars 2013;;"format : date en texte libre francais, non parsable ; episode central de la gouvernance de crise";2013-03-11 / 2013-03-12;confirme;2;primaire;https://raw.githubusercontent.com/bitcoin-dot-org/Bitcoin.org/master/_alerts/2013-03-11-chain-fork.html|https://raw.githubusercontent.com/bitcoin/bips/master/bip-0050.mediawiki;"0 au mois ; le graphe reste au mois alors que le jour est documente";oui;Q17;"Alerte Bitcoin.org : front-matter « date: 2013-03-11 », titre « 11/12 March 2013 Chain Fork Information » ; un mineur en 0.8.0 produit un bloc surdimensionne a la hauteur 225 430, les versions anterieures le rejettent, les gros pools sont pries de revenir en 0.7. BIP-50 (« March 2013 Chain Fork Post-Mortem », « Assigned: 2013-03-20 ») confirme independamment le mois et l'objet, et ajoute : « On 16 August, 2013 block 252,451 ... was accepted by the main network, forking unpatched nodes off the network ». Deux documents primaires distincts : c'est la seule ligne de ce lot qui atteigne deux sources reellement independantes hors CVE-2018-17144."
d25e5ffe;BIPs 141, 143 & 147 — Soft fork: SegWit;CrisisEvent;date;27/10/2016;;"coeur demonstratif (Scaling Debate) ; format DD/MM/YYYY ; date qui ne correspond ni a la creation des BIP ni a l'activation";;non_verifie;0;;;;oui;Q18;"Aucune source recuperee ne donne le 27/10/2016. Ce que j'ai pu lire, et qui NE correspond pas : BIP-141 est « Assigned: 2015-12-21 » (https://raw.githubusercontent.com/bitcoin/bips/master/bip-0141.mediawiki) ; les notes de version 0.13.1 (https://raw.githubusercontent.com/bitcoin/bitcoin/master/doc/release-notes/release-notes-0.13.1.md) disent « nodes will begin tracking which blocks signal support for segwit at the beginning of the first retarget period after segwit's start date of 15 November 2016 » ; la page de tag GitHub v0.13.1 affiche « 01 Nov 19:23 », mais les releases anciennes de bitcoin/bitcoin ont ete creees en lot et cette date n'est pas celle de la publication du binaire — je ne l'utilise donc pas. Le referent le plus plausible du 27/10/2016 est la sortie de Bitcoin Core 0.13.1 (debut du signalement segwit), a distinguer de l'activation d'aout 2017 : possible cas de deux actes distincts, mais AUCUNE des deux jambes n'est sourcee ici."
6daefcd1;BIP-65 — Soft fork: OP_CHECKLOCKTIMEVERIFY;CrisisEvent;date;12/11/2015;;"format DD/MM/YYYY ambigu (12 nov. ou 11 dec. ?) ; date sans referent identifie";;non_verifie;0;;;;oui;Q18;"BIP-65 (https://raw.githubusercontent.com/bitcoin/bips/master/bip-0065.mediawiki) est « Assigned: 2014-10-01 » et ne fixe aucune date d'activation (« The new rules are in effect for every block (at height H) with nVersion = 4 and at least 750 out of 1000 blocks preceding it also have nVersion >= 4 »). Le 12/11/2015 ne correspond donc pas a la creation de la BIP, et je n'ai pas pu dater l'activation (explorateurs de blocs bloques ; la page de tag v0.11.2 affiche « 01 Nov 19:28 », date de creation en lot de la release GitHub, inutilisable). Ambiguite de format en prime : 12 novembre ou 11 decembre 2015 ?"
f979ff6c;BIP-148 — Soft fork: SegWit UASF;CrisisEvent;date;12/03/2017;;"coeur demonstratif (UASF / Scaling Debate) ; format DD/MM/YYYY";"2017-03-12 (assignation de la BIP) ; 2017-08-01 (activation prevue de l'UASF)";two_distinct_events_possible;1;primaire;https://raw.githubusercontent.com/bitcoin/bips/master/bip-0148.mediawiki;"0 sur l'assignation ; ~4,5 mois avec l'activation";oui;Q19;"bitcoin/bips, bip-0148.mediawiki : « Assigned: 2017-03-12 », titre « Mandatory activation of segwit deployment », « Status: Deployed » ; et une activation « between August 1st, 2017 (epoch 1501545600) and November 15th, 2017 (epoch 1510704000) ». Les deux valeurs sont vraies et designent deux actes : la redaction de la proposition et sa mise en oeuvre. Le graphe retient la premiere alors que le libelle (« Soft fork: SegWit UASF ») annonce plutot la seconde. Ce n'est pas une erreur, c'est un choix de modelisation a expliciter."
3952cb54;BIP-0042 — Bitcoin Fixed Monetary Supply (Inflation Bug);CrisisEvent;date;01/04/2014;;"format DD/MM/YYYY ; date suspecte (1er avril) sur une fiche typee CrisisEvent";2014-04-01;indice_unique;1;primaire;https://raw.githubusercontent.com/bitcoin/bips/master/bip-0042.mediawiki;0;oui;Q20;"bitcoin/bips, bip-0042.mediawiki, preambule verbatim : « BIP: 42 / Layer: Consensus (soft fork) / Title: A finite monetary supply for Bitcoin / Authors: Pieter Wuille <pieter.wuille@gmail.com> / ... / Status: Deployed / Type: Specification / Assigned: 2014-04-01 / License: PD ». La date est donc exacte — et « 01/04/2014 » se lit ici JJ/MM. Point qui n'est pas de mon ressort mais qu'il faut voir : la BIP-42 est un poisson d'avril de Pieter Wuille (elle propose de plafonner l'offre par un soft fork programme pour le 1er avril 2214) ; elle est typee CrisisEvent dans le graphe, au milieu de vraies CVE."
fc5ad50c;Parity Multisig Freeze (novembre 2017);CrisisEvent;date;6 novembre 2017;;"format : date en texte libre francais, non parsable ; crise emblematique de la couche applicative";2017-11-06;indice_unique;1;primaire;https://github.com/paritytech/parity-ethereum/issues/6995;0;oui;Q17;paritytech/parity-ethereum, issue #6995 « anyone can kill your contract », ouverte « on Nov 6, 2017 » par un compte depuis supprime (@ghost), etiquetee « F1-security » et « P0-dropeverything ». C'est l'artefact primaire du declenchement. La valeur du graphe est exacte mais stockee en texte libre francais dans le meme attribut que des horodatages ISO.
fb4d19f9;InfrastructureEvent — Annulation du New York Agreement / SegWit2x;InfrastructureEvent;date;11/11/2017;;"coeur demonstratif (issue du Scaling Debate) ; format DD/MM/YYYY ; date qui ne correspond a aucun acte que j'aie pu sourcer";;non_verifie;0;;;;oui;Q18;La seule piece que j'aie pu recuperer est anterieure a l'annulation : alerte Bitcoin.org du 2017-10-11, « Beware of Bitcoin's possible incompatibility with some major services », qui dit encore « A subsection of the Bitcoin economy including prominent businesses such as Coinbase, Xapo, and BitPay have signed an agreement to adopt and implement a contentious hard fork of Bitcoin sometime in November » (https://raw.githubusercontent.com/bitcoin-dot-org/Bitcoin.org/master/_alerts/2017-10-09-segwit2x-safety.md). Elle atteste l'existence de l'accord, pas sa date d'annulation. Le courriel d'annulation est generalement date du 8 novembre 2017, mais je n'ai recupere AUCUNE source le confirmant : je ne l'inscris donc pas en date_externe. Le repertoire complet des alertes (https://github.com/bitcoin-dot-org/Bitcoin.org/tree/master/_alerts) ne contient aucune alerte de novembre 2017.
