statut;score_nom;raison;motifs;canonique;canonique_id;date_can;doublon;doublon_id;date_dup
FUSION_SURE;1.0;nom 1.00, structure 0.67, desc 1.00;"meme type ; une date absente ; identifiants compatibles ; 2 cible(s) commune(s) ; chevauchement de description";InfrastructureEvent — Mining pools (coopératives de minage);15864ab2cdcd41348eecc0daba8eb11d;;Mining pools;ee7277478ddc4c0886e8d73a4e2ce00d;
FUSION_SURE;0.67;nom 0.67, structure 0.10, desc 0.00;"meme type ; une date absente ; identifiants compatibles ; 2 cible(s) commune(s) ; description absente";Bitcoin Scaling Debate;e3742113c4674c52930e54ff203f0ac6;2015;Scaling Debate;22c507bdaa874229b5a4a145e23d123c;
FUSION_SURE;0.67;nom 0.67, structure 0.67, desc 1.00;"meme type ; une date absente ; identifiants compatibles ; 2 cible(s) commune(s) ; chevauchement de description";Mining pools emergence;7f80094676fd44a785c6483dbee4f8c5;2011-01;Mining pools;ee7277478ddc4c0886e8d73a4e2ce00d;
FUSION_SURE;0.67;nom 0.67, structure 0.50, desc 1.00;"meme type ; une date absente ; identifiants compatibles ; 2 cible(s) commune(s) ; chevauchement de description";InfrastructureEvent — Mining pools (coopératives de minage);15864ab2cdcd41348eecc0daba8eb11d;;Mining pools emergence;7f80094676fd44a785c6483dbee4f8c5;2011-01
A_VERIFIER;1.0;nom 1.00, structure 0.45, desc 1.00;"meme type ; precisions emboitees ; identifiants compatibles ; 14 cible(s) commune(s) ; chevauchement de description";InfrastructureEvent — First Bitcoin halving;45cd642a1b8b411092e611c51acdb791;2012-11-28;First Bitcoin halving;3f908f24165e4c248f55a7f93baab9d6;2012-11
A_VERIFIER;0.6;nom 0.60, structure 0.09, desc 1.00;"meme type ; dates identiques ; identifiants compatibles ; 2 cible(s) commune(s) ; chevauchement de description";InfrastructureEvent — Cyprus banking crisis (price episode);db5981176f4948e29da8342ed543bc5f;2013-03;Cyprus banking crisis Bitcoin spike;a2202dfdedd543b1a937ca4759b26b4d;2013-03
A_VERIFIER;0.57;nom 0.57, structure 0.44, desc 0.00;"meme type ; dates identiques ; identifiants compatibles ; 14 cible(s) commune(s) ; description absente";InfrastructureEvent — Nakamoto réserve le nom de domaine bitcoin.org;92481a368bd24325a8990decb62e666b;2008-07-18;InfrastructureEvent — Dépôt du nom de domaine bitcoin.org;8c6539857956431cb3e82ac1e0548a55;2008-07-18
A_VERIFIER;0.5;nom 0.50, structure 0.50, desc 0.09;"meme type ; dates identiques ; identifiants compatibles ; 3 cible(s) commune(s) ; chevauchement de description";InfrastructureEvent — Parite BTC/$ (1$, debut 2011);a02861544b794d229d08dc36c935fc77;2011-02;InfrastructureEvent — Slashdot article parite BTC/$ (fevrier 2011);33f6747a334543fcae909b2aaf0f04cd;2011-02
A_VERIFIER;0.33;nom 0.33, structure 0.50, desc 0.03;"meme type ; une date absente ; identifiants compatibles ; 2 cible(s) commune(s) ; chevauchement de description";InfrastructureEvent — Dark Wallet (2014);28ed228eed8c48fab1e63d381096e357;2014;Multisig wallet;4d131ce65c0e4ed4ac4da539f21979a2;
A_VERIFIER;0.33;nom 0.33, structure 0.44, desc 0.00;"meme type ; une date absente ; identifiants compatibles ; 14 cible(s) commune(s) ; chevauchement de description";InfrastructureEvent — Bitcoin Faucet;0ec8d4683eb14f49a2b5dd37ac2c8858;2010-06;InfrastructureEvent — Bitcoin-Qt (client lourd);4ece5d2077c14b558480a3a80a7a550f;
A_VERIFIER;0.33;nom 0.33, structure 0.45, desc 0.04;"meme type ; une date absente ; identifiants compatibles ; 15 cible(s) commune(s) ; chevauchement de description";InfrastructureEvent — Bitcoin-QT 0.1 client lourd (9 janvier 2009);5f86375d2ffa4575b9c1b18395bb82b1;2009-01-09;InfrastructureEvent — Bitcoin-Qt (client lourd);4ece5d2077c14b558480a3a80a7a550f;
A_VERIFIER;0.33;nom 0.33, structure 0.38, desc 0.02;"meme type ; une date absente ; identifiants compatibles ; 13 cible(s) commune(s) ; chevauchement de description";InfrastructureEvent — Fondation Bitcoin (fin 2012);f9f289de35d14463999022184a680479;2012;InfrastructureEvent — Bitcoin-Qt (client lourd);4ece5d2077c14b558480a3a80a7a550f;
A_VERIFIER;0.33;nom 0.33, structure 0.44, desc 0.19;"meme type ; une date absente ; identifiants compatibles ; 14 cible(s) commune(s) ; chevauchement de description";InfrastructureEvent — Audition Senat americain sur Bitcoin (19 nov. 2013);1a363b7013534bfd9bd949c6d69c4a19;2013-11-19;InfrastructureEvent — Session Sénat US sur Bitcoin (19 novembre 2013);6b451a405b334281ae174f5836b73eb1;
A_VERIFIER;0.33;nom 0.33, structure 0.90, desc 0.00;"meme type ; une date absente ; identifiants compatibles ; 19 cible(s) commune(s) ; description absente";InfrastructureEvent — Conférence Scaling Bitcoin, Montréal (septembre 2015);c485443e2a604bc98eb6826417438bfb;2015-09;North American Bitcoin Conference (Miami 2014);344cef0c6643488946ab489f73e2e97f;
A_VERIFIER;0.29;nom 0.29, structure 0.33, desc 0.11;"meme type ; precisions emboitees ; identifiants compatibles ; 2 cible(s) commune(s) ; chevauchement de description";InfrastructureEvent — Arrestation Ross Ulbricht / fermeture Silk Road (octobre 2013);1a666b0913364cc39236ea82f4d73ef5;2013-10;InfrastructureEvent — Démantèlement de Silk Road;39fdc0aac1f74b8daad7a5227b99c8a5;2013-10-02
A_VERIFIER;0.29;nom 0.29, structure 0.13, desc 0.91;"meme type ; dates identiques ; identifiants compatibles ; 3 cible(s) commune(s) ; chevauchement de description";InfrastructureEvent — Soft fork : correction bug 'Void of bitcoin';714f6de9e72d4162a186c2c0e459f15f;2010-07-28;InfrastructureEvent — First soft fork (Value overflow bug fix);5b8c5959b2114befb0021a2c5d416e6f;2010-07-28
A_VERIFIER;0.29;nom 0.29, structure 0.80, desc 0.10;"meme type ; dates identiques ; identifiants compatibles ; 4 cible(s) commune(s) ; chevauchement de description";InfrastructureEvent — Limite de taille de bloc 1 Mo (15 juillet 2010);646140677b0c4a67855bdb001f4680cf;2010-07-15;InfrastructureEvent — Introduction d’une limite de bloc (activée 2010-09-12);69aa91b1014e4143b79c9f3547c29c6d;2010-07-15
REJET_AUTO;1.0;types differents;types differents;InfrastructureEvent — Op_Return War (conflit sur les usages non-monétaires de Bitcoin);e7825fb2b95343959119bcc866c0390f;2014;Op_Return War;43188ec45e15dbb64adc77e81b89dacd;
REJET_AUTO;0.8;types differents;types differents;InfrastructureEvent — Genesis Block / lancement du protocole;70d79dda054d462086a5472657b011a7;2009-01-03;Genesis Block — Lancement du protocole Bitcoin;c8b77447d55c4ff08810620dc9370f67;2009-01-03
REJET_AUTO;0.67;dates contradictoires (2013 / 2015);"meme type ; dates contradictoires (2013 / 2015)";InfrastructureEvent — Nasdaq publie donnees de prix Bitcoin (fin 2013);62d87c74d3504d84bfee3d8d5fb44f4d;2013;InfrastructureEvent — NYSE publie données de prix Bitcoin (2015);60fec4fa361140efbaa72b212c415e9f;2015
REJET_AUTO;0.67;dates contradictoires (2015 / 2016);"meme type ; dates contradictoires (2015 / 2016)";InfrastructureEvent — Bitcoin Classic : fork Big Blockers (2016);af1041289a1847b0890e7d76bcb856cd;2016;InfrastructureEvent — Bitcoin XT : fork Big Blockers (2015);b3d5131dbe224d39bf4527581dd095c9;2015
REJET_AUTO;0.62;dates contradictoires (2014 / 2015);"meme type ; dates contradictoires (2014 / 2015)";InfrastructureEvent — Tether/USDT : premier stablecoin via Omni/Mastercoin (2014);364977fb9ed943a2bac1688d22ffe1c5;2014;InfrastructureEvent — Lancement de Tether / USDT via Mastercoin/Omni (2015);dbf09eba683d492da97f27513d7a4752;2015
REJET_AUTO;0.6;identifiants distinctifs divergents (['CBOE'] / ['CME']);"meme type ; dates identiques ; identifiants distinctifs divergents (['CBOE'] / ['CME'])";InfrastructureEvent — CBOE : marches futurs Bitcoin (2017);82349be91da44883961b469695426d85;2017;InfrastructureEvent — CME : marchés futurs Bitcoin (2017);3097f3ada89146d89f300ae74fb85ada;2017
REJET_AUTO;0.6;dates contradictoires (2013 / 2014);"meme type ; dates contradictoires (2013 / 2014)";InfrastructureEvent — CoinGecko : plateforme données cryptomarché;08a230a6d478497b8a2d0b155bc89db1;2014;InfrastructureEvent — CoinMarketCap : plateforme données cryptomarché (2013);de8f9cb71cfd4d75bd5129622d3eace7;2013
REJET_AUTO;0.6;dates contradictoires (2014-05-13 / 2016-10-06);"meme type ; dates contradictoires (2014-05-13 / 2016-10-06)";InfrastructureEvent — BitGo lève 12 millions $ (portefeuille multi-sig, 2014);fcddab6ea50c4380a94c2d5dc8b00480;2014-05-13;InfrastructureEvent — BitGo lève 49 millions $ (octobre 2016);75ca941e17f4489fa47ced4aeafdd2f8;2016-10-06
REJET_AUTO;0.6;dates contradictoires (2014-12-01 / 2016-06-12);"meme type ; dates contradictoires (2014-12-01 / 2016-06-12)";InfrastructureEvent — ASIC Antminer S5 (1 TH/s) par Bitmain (2014);d02f0c0a011a4ca09cf826f684f10222;2014-12-01;InfrastructureEvent — ASIC Antminer S9 (14 TH/s) par Bitmain (2016);07715d5ff1d647e88fa6a2f94be1a102;2016-06-12
REJET_AUTO;0.5;CVE differents (CVE-2018-20587 / CVE-2018-20586);"meme type ; dates identiques ; CVE differents (CVE-2018-20587 / CVE-2018-20586)";CVE-2018-20586 (Tromperie, injection journal);19907a993e6c4b2392f503ec1863df9e;2018;CVE-2018-20587 (Vol, Luke Dashjr);c6389ffe8f7a48668883b4845808c388;2018
REJET_AUTO;0.5;dates contradictoires (2010-07 / 2011-01);"meme type ; dates contradictoires (2010-07 / 2011-01)";GPU mining emergence;5dfe15f31a89483aae5b75e1e60fc5ef;2010-07;Mining pools emergence;7f80094676fd44a785c6483dbee4f8c5;2011-01
REJET_AUTO;0.5;dates contradictoires (2010-04-01 / 2011);"meme type ; dates contradictoires (2010-04-01 / 2011)";InfrastructureEvent — Premier minage GPU;ef24c1fb7a7040b49a2c1e0194355cf1;2010-04-01;InfrastructureEvent — Premier minage FPGA (2011);f28b9ec90edb4d7782ce4827a9cf9834;2011
REJET_AUTO;0.5;dates contradictoires (2011-04 / 2009-12-22);"meme type ; dates contradictoires (2011-04 / 2009-12-22)";InfrastructureEvent — Article Forbes sur Bitcoin (Greenberg, avril 2011);21e8e322b58f421aa3540bdeef5fde64;2011-04;InfrastructureEvent — Article PCWorld sur Bitcoin (décembre 2009);3a7d7850c35842dc9127080eb7d30db3;2009-12-22
REJET_AUTO;0.43;types differents;types differents;Fermeture Silk Road par le FBI (octobre 2013);272f2d17b89d4912aca1c4f7b77b7332;2013;InfrastructureEvent — Arrestation Ross Ulbricht / fermeture Silk Road (octobre 2013);1a666b0913364cc39236ea82f4d73ef5;2013-10
REJET_AUTO;0.4;CVE differents (CVE-2018-17144 / CVE-2018-20587);"meme type ; precisions emboitees ; CVE differents (CVE-2018-17144 / CVE-2018-20587)";Bitcoin CVE 2018-17144;db9a125c4c7a4d03bd19d3dc8c474a9e;2018-09-01;CVE-2018-20587 (Vol, Luke Dashjr);c6389ffe8f7a48668883b4845808c388;2018
REJET_AUTO;0.4;CVE differents (CVE-2018-17144 / CVE-2018-20586);"meme type ; precisions emboitees ; CVE differents (CVE-2018-17144 / CVE-2018-20586)";Bitcoin CVE 2018-17144;db9a125c4c7a4d03bd19d3dc8c474a9e;2018-09-01;CVE-2018-20586 (Tromperie, injection journal);19907a993e6c4b2392f503ec1863df9e;2018
REJET_AUTO;0.4;n de crise differents (4 / 1);"meme type ; precisions emboitees ; n de crise differents (4 / 1)";CVE-2010-5141 (Vol de clés privées);0423dfbdf0904305b1d7e48c3df78ae2;2010;Bitcoin CVE 2010-5139 (Value Overflow);273237e8600e4e289cd76da835a82e67;2010-08-15
REJET_AUTO;0.4;types differents;types differents;InfrastructureEvent — Conférence Scaling Bitcoin, Montréal (septembre 2015);c485443e2a604bc98eb6826417438bfb;2015-09;Bitcoin Scaling Debate;e3742113c4674c52930e54ff203f0ac6;2015
REJET_AUTO;0.4;types differents;types differents;Bogue Bitcoin-Qt Windows 2012 (Crash nœuds);2e5d597d1add45de83a060caea9a05c3;2012;InfrastructureEvent — Bitcoin-Qt (client lourd);4ece5d2077c14b558480a3a80a7a550f;
REJET_AUTO;0.4;types differents;types differents;Fermeture Silk Road par le FBI (octobre 2013);272f2d17b89d4912aca1c4f7b77b7332;2013;InfrastructureEvent — Démantèlement de Silk Road;39fdc0aac1f74b8daad7a5227b99c8a5;2013-10-02
REJET_AUTO;0.4;dates contradictoires (2010-11-22 / 2009-11-22);"meme type ; dates contradictoires (2010-11-22 / 2009-11-22)";InfrastructureEvent — BitcoinTalk forum created;0d81bba0461d49a5af8997a20663d630;2010-11-22;InfrastructureEvent — Nakamoto crée le forum Bitcointalk;06ac37fc6cf24af49ec79ec265159ad8;2009-11-22
REJET_AUTO;0.4;dates contradictoires (2009-10-05 / 2010-05-21);"meme type ; dates contradictoires (2009-10-05 / 2010-05-21)";InfrastructureEvent — Premier échange BTC/$ (NewLibertyStandard);66a591458af644a9a0a83a0565e02488;2009-10-05;InfrastructureEvent — Premier échange contre marchandise (pizzas);09d15bd8d03c4fa38ecbd33cf5862f9b;2010-05-21
REJET_AUTO;0.33;dates contradictoires (2018-09-01 / 2010-08-15);"meme type ; dates contradictoires (2018-09-01 / 2010-08-15)";Bitcoin CVE 2018-17144;db9a125c4c7a4d03bd19d3dc8c474a9e;2018-09-01;Bitcoin CVE 2010-5139 (Value Overflow);273237e8600e4e289cd76da835a82e67;2010-08-15
REJET_AUTO;0.33;identifiants distinctifs divergents (['DAO', 'ICO'] / ['DAO']);"meme type ; une date absente ; identifiants distinctifs divergents (['DAO', 'ICO'] / ['DAO'])";Attaque de The DAO;c4eab4f4b3f54162b2404b3da684b840;2016-06-17;The DAO ICO;6b444dfd2cfe4786a214e3edef593d35;
REJET_AUTO;0.33;dates contradictoires (2012-08-23 / 2012-08-24);"meme type ; dates contradictoires (2012-08-23 / 2012-08-24)";CVE-2012-4683 — Targeted DoS by CPU exhaustion using alerts;07328e2856b1462d882bd1a6a7dfdafa;2012-08-23;CVE-2012-4684 — Network-wide DoS using malleable signatures in alerts;f5fd3b0f03fa4e11af9b54455a81cdd7;2012-08-24
REJET_AUTO;0.33;dates contradictoires (2015-11-12 / 2017-03-12);"meme type ; dates contradictoires (2015-11-12 / 2017-03-12)";BIP-148 — Soft fork: SegWit UASF;f979ff6cc3cd4861b1de30ec72463c7c;2017-03-12;BIP-65 — Soft fork: OP_CHECKLOCKTIMEVERIFY;6daefcd122a24b3589c41fcddd3732aa;2015-11-12
REJET_AUTO;0.33;dates contradictoires (2010-06 / 2012);"meme type ; dates contradictoires (2010-06 / 2012)";InfrastructureEvent — Fondation Bitcoin (fin 2012);f9f289de35d14463999022184a680479;2012;InfrastructureEvent — Bitcoin Faucet;0ec8d4683eb14f49a2b5dd37ac2c8858;2010-06
REJET_AUTO;0.33;dates contradictoires (2008-10-31 / 2009-01-09);"meme type ; dates contradictoires (2008-10-31 / 2009-01-09)";InfrastructureEvent — Publication du code Bitcoin v0.1;6c92b4f54bb54499b7e2d2c0625fccf7;2009-01-09;InfrastructureEvent — Publication du WP Bitcoin (mailing list);ab2449a123164aa3adff6b180035c327;2008-10-31
REJET_AUTO;0.33;dates contradictoires (2010-03-17 / 2010-07-18);"meme type ; dates contradictoires (2010-03-17 / 2010-07-18)";InfrastructureEvent — Première plateforme d’échange BTC (BitcoinMarket.com);d2a8798b6f064140851367c98162f594;2010-03-17;InfrastructureEvent — Première bourse d’échange importante (MtGox);9670a4beed1a47bda5628c9770dddfd1;2010-07-18
REJET_AUTO;0.33;dates contradictoires (2010-03-17 / 2011-02-01);"meme type ; dates contradictoires (2010-03-17 / 2011-02-01)";InfrastructureEvent — Première plateforme d’échange BTC (BitcoinMarket.com);d2a8798b6f064140851367c98162f594;2010-03-17;InfrastructureEvent — Première place d’échange illégale (Silk Road);a089031b82eb4c67b2cfc686016a3820;2011-02-01
REJET_AUTO;0.33;dates contradictoires (2010-03-17 / 2011-08-16);"meme type ; dates contradictoires (2010-03-17 / 2011-08-16)";InfrastructureEvent — Première plateforme d’échange BTC (BitcoinMarket.com);d2a8798b6f064140851367c98162f594;2010-03-17;InfrastructureEvent — Première bourse BTC/EUR (Paymium);ae1cb2659fd7470b8ec1aa621226b3e1;2011-08-16
REJET_AUTO;0.33;dates contradictoires (2010-03-17 / 2011);"meme type ; dates contradictoires (2010-03-17 / 2011)";InfrastructureEvent — Première plateforme d’échange BTC (BitcoinMarket.com);d2a8798b6f064140851367c98162f594;2010-03-17;InfrastructureEvent — Kraken : plateforme d'échange cryptos (Jesse Powell, 2011);ba1d7f22fdef48b4bbc489e736810412;2011
REJET_AUTO;0.33;dates contradictoires (2010-07-18 / 2011-02-01);"meme type ; dates contradictoires (2010-07-18 / 2011-02-01)";InfrastructureEvent — Première bourse d’échange importante (MtGox);9670a4beed1a47bda5628c9770dddfd1;2010-07-18;InfrastructureEvent — Première place d’échange illégale (Silk Road);a089031b82eb4c67b2cfc686016a3820;2011-02-01
REJET_AUTO;0.33;dates contradictoires (2010-07-18 / 2011-08-16);"meme type ; dates contradictoires (2010-07-18 / 2011-08-16)";InfrastructureEvent — Première bourse d’échange importante (MtGox);9670a4beed1a47bda5628c9770dddfd1;2010-07-18;InfrastructureEvent — Première bourse BTC/EUR (Paymium);ae1cb2659fd7470b8ec1aa621226b3e1;2011-08-16
REJET_AUTO;0.33;dates contradictoires (2011-04-18 / 2015-07-30);"meme type ; dates contradictoires (2011-04-18 / 2015-07-30)";InfrastructureEvent — Lancement de Namecoin (merge mining);7b73ed5f4e7149baaf8c534c809bc33f;2011-04-18;InfrastructureEvent — Lancement d'Ethereum (Frontier, 30 juillet 2015);3c3d4fec977c4e788b850a0ea5cbebfa;2015-07-30
REJET_AUTO;0.33;dates contradictoires (2011-04-18 / 2017-07-14);"meme type ; dates contradictoires (2011-04-18 / 2017-07-14)";InfrastructureEvent — Lancement de Namecoin (merge mining);7b73ed5f4e7149baaf8c534c809bc33f;2011-04-18;InfrastructureEvent — Lancement Binance (plateforme d'échange mondiale, 2017);b3e21da76d6548fda0625c0410af758c;2017-07-14
REJET_AUTO;0.33;dates contradictoires (2011-04 / 2010-12);"meme type ; dates contradictoires (2011-04 / 2010-12)";InfrastructureEvent — Article Forbes sur Bitcoin (Greenberg, avril 2011);21e8e322b58f421aa3540bdeef5fde64;2011-04;InfrastructureEvent — Article PC World sur WikiLeaks/Bitcoin (decembre 2010);944c9169ed3d416f95bebdfd4b9b1d20;2010-12
REJET_AUTO;0.33;dates contradictoires (2010-12 / 2009-12-22);"meme type ; dates contradictoires (2010-12 / 2009-12-22)";InfrastructureEvent — Article PC World sur WikiLeaks/Bitcoin (decembre 2010);944c9169ed3d416f95bebdfd4b9b1d20;2010-12;InfrastructureEvent — Article PCWorld sur Bitcoin (décembre 2009);3a7d7850c35842dc9127080eb7d30db3;2009-12-22
REJET_AUTO;0.33;dates contradictoires (2012-04-24 / 2013);"meme type ; dates contradictoires (2012-04-24 / 2013)";InfrastructureEvent — SatoshiDice (lancement 24 avril 2012);4af2142b31984dc280cf51546cf08e9c;2012-04-24;InfrastructureEvent — Vente de SatoshiDice par Voorhees (2013, 12,4M$);96d4a9ccc4d542dc938d1aa9d6399339;2013
REJET_AUTO;0.33;dates contradictoires (2017-05 / 2017-11-11);"meme type ; dates contradictoires (2017-05 / 2017-11-11)";InfrastructureEvent — New York Agreement : tentative de conciliation Scaling Debate (mai 2017);f535babd17f4456bae93f6e02cb93337;2017-05;InfrastructureEvent — Annulation du New York Agreement / SegWit2x (novembre 2017);fb4d19f9cec5420fbadd1b074d7872a4;2017-11-11
REJET_AUTO;0.33;dates contradictoires (2015-07-30 / 2017-07-14);"meme type ; dates contradictoires (2015-07-30 / 2017-07-14)";InfrastructureEvent — Lancement d'Ethereum (Frontier, 30 juillet 2015);3c3d4fec977c4e788b850a0ea5cbebfa;2015-07-30;InfrastructureEvent — Lancement Binance (plateforme d'échange mondiale, 2017);b3e21da76d6548fda0625c0410af758c;2017-07-14
REJET_AUTO;0.3;dates contradictoires (2017-03-12 / 2016-10-27);"meme type ; dates contradictoires (2017-03-12 / 2016-10-27)";BIP-148 — Soft fork: SegWit UASF;f979ff6cc3cd4861b1de30ec72463c7c;2017-03-12;BIPs 141, 143 & 147 — Soft fork: SegWit;d25e5ffe06df4701bfc3755bdc9d1b31;2016-10-27
REJET_AUTO;0.29;CVE differents (CVE-2010-5141 / CVE-2010-5137);"meme type ; precisions emboitees ; CVE differents (CVE-2010-5141 / CVE-2010-5137)";CVE-2010-5141 (Vol de clés privées);0423dfbdf0904305b1d7e48c3df78ae2;2010;CVE-2010-5137 — OP_LSHIFT crash;dddeabcb23464ee48e9524a6ac71c6eb;2010-07-28
REJET_AUTO;0.29;CVE differents (CVE-2010-5141 / CVE-2010-5140);"meme type ; precisions emboitees ; CVE differents (CVE-2010-5141 / CVE-2010-5140)";CVE-2010-5141 (Vol de clés privées);0423dfbdf0904305b1d7e48c3df78ae2;2010;CVE-2010-5140 — Never confirming transactions;7246b452d71d4416b146f62f42a2bb64;2010-09-29
REJET_AUTO;0.29;CVE differents (CVE-2013-3220 / CVE-2013-2273);"meme type ; precisions emboitees ; CVE differents (CVE-2013-3220 / CVE-2013-2273)";CVE-2013-3220 (Netsplit BIP-0050);72ed5cce1e98494385ca4eb091d6707c;2013;CVE-2013-2273 — Predictable change output;580caacd80b14170b0d6dc071106071b;2013-01-30
REJET_AUTO;0.29;dates contradictoires (2012-03-07 / 2012-09-16);"meme type ; dates contradictoires (2012-03-07 / 2012-09-16)";CVE-2012-1909 — Transaction overwriting;a9f76f92c83143479499d10b87c6fe77;2012-03-07;CVE-2012-4682 — DOS (manque d'informations);65b41c49b2244a85ab136ed849d95b6b;2012-09-16
REJET_AUTO;0.29;types differents;types differents;BIP-65 — Soft fork: OP_CHECKLOCKTIMEVERIFY;6daefcd122a24b3589c41fcddd3732aa;2015-11-12;InfrastructureEvent — First soft fork (Value overflow bug fix);5b8c5959b2114befb0021a2c5d416e6f;2010-07-28
REJET_AUTO;0.29;types differents;types differents;BIP-148 — Soft fork: SegWit UASF;f979ff6cc3cd4861b1de30ec72463c7c;2017-03-12;InfrastructureEvent — First soft fork (Value overflow bug fix);5b8c5959b2114befb0021a2c5d416e6f;2010-07-28
REJET_AUTO;0.29;dates contradictoires (2009-10-05 / 2010-03-10);"meme type ; dates contradictoires (2009-10-05 / 2010-03-10)";InfrastructureEvent — Premier échange BTC/$ (NewLibertyStandard);66a591458af644a9a0a83a0565e02488;2009-10-05;InfrastructureEvent — Premier tournoi de poker en ligne utilisant BTC;8c6f302ba7484a718a163a6747c81fa5;2010-03-10
REJET_AUTO;0.29;dates contradictoires (2010-03-17 / 2013);"meme type ; dates contradictoires (2010-03-17 / 2013)";InfrastructureEvent — Première plateforme d’échange BTC (BitcoinMarket.com);d2a8798b6f064140851367c98162f594;2010-03-17;InfrastructureEvent — BTCC : plateforme d'échange Bitcoin chinoise (Bobby Lee);75ac54bedbfb4fe5a5f32aa8f0e74677;2013
REJET_AUTO;0.29;dates contradictoires (2010-07-18 / 2016-07-01);"meme type ; dates contradictoires (2010-07-18 / 2016-07-01)";InfrastructureEvent — Première bourse d’échange importante (MtGox);9670a4beed1a47bda5628c9770dddfd1;2010-07-18;InfrastructureEvent — Lancement bourse d'échange Bitcoin en Inde (2016);55f0a933c1f6483f80adda294c744961;2016-07-01
REJET_AUTO;0.29;dates contradictoires (2014 / 2015);"meme type ; dates contradictoires (2014 / 2015)";InfrastructureEvent — Coinbase : croissance et levee de fonds 75M$ (2015);7cda4562e3ee4e9c8bf969bdf639994a;2015;InfrastructureEvent — Levee de fonds Ethereum en BTC (2014);5f06214e17074a14874220ed7195ded9;2014
REJET_AUTO;0.29;dates contradictoires (2017-08 / 2015);"meme type ; dates contradictoires (2017-08 / 2015)";InfrastructureEvent — Fork contentieux Bitcoin / Bitcoin Cash (aout 2017);318b090059f34be4b52d389f0b38c3a7;2017-08;InfrastructureEvent — Bitcoin XT : fork Big Blockers (2015);b3d5131dbe224d39bf4527581dd095c9;2015
REJET_AUTO;0.29;dates contradictoires (2017-08 / 2016);"meme type ; dates contradictoires (2017-08 / 2016)";InfrastructureEvent — Fork contentieux Bitcoin / Bitcoin Cash (aout 2017);318b090059f34be4b52d389f0b38c3a7;2017-08;InfrastructureEvent — Bitcoin Classic : fork Big Blockers (2016);af1041289a1847b0890e7d76bcb856cd;2016
REJET_AUTO;0.29;dates contradictoires (2013 / 2011);"meme type ; dates contradictoires (2013 / 2011)";InfrastructureEvent — BTCC : plateforme d'échange Bitcoin chinoise (Bobby Lee);75ac54bedbfb4fe5a5f32aa8f0e74677;2013;InfrastructureEvent — Kraken : plateforme d'échange cryptos (Jesse Powell, 2011);ba1d7f22fdef48b4bbc489e736810412;2011
REJET_AUTO;0.29;types differents;types differents;InfrastructureEvent — New York Agreement : tentative de conciliation Scaling Debate (mai 2017);f535babd17f4456bae93f6e02cb93337;2017-05;Scaling Debate;22c507bdaa874229b5a4a145e23d123c;
