entity_id;canonical_name;entity_type;alias;alias_kind;confidence;collision_with;evidence;notes
596f2b5ff3f24f478da71675656c7d58;"""Not your keys, not your coins""";NativeFormula;Not your keys, not your coins;translation-en;haute;;attribut nameEn de l'entite (v110) + assets/MD EN (2 occ.);forme anglaise declaree par le graphe lui-meme
e555921942e74d19b6d14881d57d7be5;ASIC (matériel de minage);Concept;ASIC;short-form;basse;;nom canonique v110 prive de sa parenthese;ALIAS AMBIGU : designe aussi Fabricant de matériel dédié (ASIC), Fabricants de matériel dédié (ASIC) — ne jamais resoudre automatiquement sur cette chaine
124438f6ba3749adbe7e6caa86aabf99;Actif numérique;Concept;Digital Asset;translation-en;haute;;attribut nameEn de l'entite (v110) + assets/MD EN (7 occ.);forme anglaise declaree par le graphe lui-meme
8a76b0da92254d76a4a330ddb8b40e4c;All Core Dev Meetings (Ethereum);GovernanceArena;All Core Dev Meetings;short-form;haute;;nom canonique v110 prive de sa parenthese;
d8a44f54a23f498390c0a9c9cefd0a97;All Purpose Money (APM) vs Special Purpose Money (SPM);Concept;APM vs SPM;observed-in-source;haute;;attribut indigeneLabel (v110) — designation indigene;libelle employe par les acteurs eux-memes
d8a44f54a23f498390c0a9c9cefd0a97;All Purpose Money (APM) vs Special Purpose Money (SPM);Concept;SPM;spelling-variant;haute;;glose entre parentheses du nom canonique v110 + assets/MD (20 occ.);
bb565b2132f5430eac529b953711be41;Altcoins, tokens et surcouches;InfrastructureDomain;Altcoins, tokens and overlays;translation-en;moyenne;;proposition;traduction proposee, absente du graphe
b6646b9dd5fe4ddbb3adafb32a7ba57a;Analyse de forum;Method;Forum Analysis;translation-en;haute;;attribut nameEn de l'entite (v110);forme anglaise declaree par le graphe lui-meme
a4f6516331764bd9ab2978f55c3da78b;Analyse de médias;Method;Media Analysis;translation-en;haute;;attribut nameEn de l'entite (v110);forme anglaise declaree par le graphe lui-meme
bec2386f4e3f4eb2a6932ffb1afc2756;Anarchie categorielle;Concept;Categorical Anarchy;observed-in-source;haute;;attribut indigeneLabel (v110) — designation indigene + assets/MD (4 occ.);libelle employe par les acteurs eux-memes
bec2386f4e3f4eb2a6932ffb1afc2756;Anarchie categorielle;Concept;anarchie catégorielle;spelling-variant;haute;;assets/MD (4 occ.) — graphie attestee du nom canonique;le nom canonique v110 est desaccentue
91db2d018fae451f8f8d23d559fa30e1;Architecture à deux étages PoW + PoS (Dash);Concept;Architecture à deux étages PoW + PoS;short-form;haute;;nom canonique v110 prive de sa parenthese;
c7467cafd09e4e3eb4c637c7f8d56000;Argument — Les crises comme révélateurs de la gouvernance duale et polycentrique;Argument;Les crises comme révélateurs de la gouvernance duale et polycentrique;short-form;haute;;nom canonique v110 prive de son prefixe de type;le prefixe « Type — » est une convention du graphe, absente des sources
39a4c914ab2342818739598102c19499;Autorité algorithmique;Concept;Algorithmic Authority;translation-en;haute;;attribut nameEn de l'entite (v110) + assets/MD EN (11 occ.);forme anglaise declaree par le graphe lui-meme
05dae3dc59784e53bf5f7eb6a4d8030e;BIP (Bitcoin Improvement Proposal);Concept;BIP;acronym;haute;;nom canonique v110 prive de sa parenthese + assets/MD (110 occ. en limites de mots);forme courte tres ambigue hors contexte : ne jamais resoudre sur ce seul jeton
05dae3dc59784e53bf5f7eb6a4d8030e;BIP (Bitcoin Improvement Proposal);Concept;Bitcoin Improvement Proposal;translation-en;haute;;attribut nameEn de l'entite (v110) + assets/MD EN (5 occ.) + glose entre parentheses du nom canonique v110 + assets/MD (10 occ.);forme anglaise declaree par le graphe lui-meme
053d10d3a5b142778f078e3e2dfe79f4;Barrière à l'entrée (minage);Concept;Barrière à l'entrée;short-form;haute;;nom canonique v110 prive de sa parenthese;
053d10d3a5b142778f078e3e2dfe79f4;Barrière à l'entrée (minage);Concept;Mining barrier to entry;translation-en;haute;;attribut nameEn de l'entite (v110);forme anglaise declaree par le graphe lui-meme
ef2f7216f1e240638d724bfedcab0eb7;Bimétallisme numérique;Concept;Digital bimetallism;translation-en;haute;;attribut nameEn de l'entite (v110);forme anglaise declaree par le graphe lui-meme
b6a238b0216640afac0397b8250e00fc;Bit Gold (Szabo 1998-2005);Concept;Bit Gold;short-form;haute;;nom canonique v110 prive de sa parenthese;
fe8a3378adf04e81bd934293081daeb9;Bitcoin Maximalisme;Concept;Bitcoin maximalism;translation-en;haute;;attribut nameEn de l'entite (v110);forme anglaise declaree par le graphe lui-meme
a742fa34c7c14da38d0867fe80bc309d;BlackNet (Tim May 1992);Concept;BlackNet;short-form;haute;;nom canonique v110 prive de sa parenthese;
e30beed602fb4d60814946c70db0713b;Bloc empoisonné (poisoned block);Concept;Bloc empoisonné;short-form;haute;;nom canonique v110 prive de sa parenthese;
e30beed602fb4d60814946c70db0713b;Bloc empoisonné (poisoned block);Concept;DoS attack;translation-en;haute;;attribut nameEn de l'entite (v110) + assets/MD EN (3 occ.);forme anglaise declaree par le graphe lui-meme
e30beed602fb4d60814946c70db0713b;Bloc empoisonné (poisoned block);Concept;Poisoned block;translation-en;haute;;attribut nameEn de l'entite (v110) + assets/MD EN (1 occ.);forme anglaise declaree par le graphe lui-meme
b92e4f953583499ea809b48c207471ff;Blockchain sans Bitcoin (narratif technologique);Concept;Blockchain sans Bitcoin;short-form;haute;;nom canonique v110 prive de sa parenthese;
b92e4f953583499ea809b48c207471ff;Blockchain sans Bitcoin (narratif technologique);Concept;Blockchain-without-Bitcoin narrative;translation-en;haute;;attribut nameEn de l'entite (v110);forme anglaise declaree par le graphe lui-meme
7b563a52de7f4beba9992a0d59e9092a;Bootstrapping monétaire;Concept;Monetary bootstrapping;translation-en;haute;;attribut nameEn de l'entite (v110);forme anglaise declaree par le graphe lui-meme
cafbc70f0eb344e1818e0ba96df30e29;Bourses d'échange;StakeholderCategory;Bourse d’échange;spelling-variant;moyenne;;patch SourceQuote (phase1, statut=fuzzy-only, x1);faux negatif du resolveur : nom employe par un patch reel, non resolu contre v110 — cible arbitree a la main, ne pas resoudre automatiquement
5479509f9ca84a06a2aa3a9a2e63f1f8;Bourses d'échange (exchanges);StakeholderCategory;Bourses d'échange;short-form;basse;cafbc70f0eb344e1818e0ba96df30e29;nom canonique v110 prive de sa parenthese;COLLISION EXACTE : nom d'une autre entite v110 (Bourses d'échange / StakeholderCategory) — ALIAS AMBIGU : designe aussi Bourses d'échange (segment) — ne jamais resoudre automatiquement sur cette chaine
5d5a5c91468f4bcc8d078001a5abc240;CM Bitcoin-Like;Concept;Bitcoin-like cryptocurrency;translation-en;haute;;attribut nameEn de l'entite (v110);forme anglaise declaree par le graphe lui-meme
881dd0f54e0747f2b3737ba34fc30693;CM comme « meilleures » monnaies (prétention coiner);Concept;CM comme « meilleures » monnaies;short-form;haute;;nom canonique v110 prive de sa parenthese;
92b63798d91b4c99bef87aea0e76f63c;Cadre IAD / SES (Ostrom);Concept;Cadre IAD / SES;short-form;haute;;nom canonique v110 prive de sa parenthese;
92b63798d91b4c99bef87aea0e76f63c;Cadre IAD / SES (Ostrom);Concept;Cadre IAD/SES;spelling-variant;haute;;attribut aliases (v110);
92b63798d91b4c99bef87aea0e76f63c;Cadre IAD / SES (Ostrom);Concept;IAD;translation-en;haute;;attribut nameEn de l'entite (v110) + assets/MD EN (4 occ.);forme anglaise declaree par le graphe lui-meme
92b63798d91b4c99bef87aea0e76f63c;Cadre IAD / SES (Ostrom);Concept;SES Framework;translation-en;haute;;attribut nameEn de l'entite (v110) + assets/MD EN (3 occ.);forme anglaise declaree par le graphe lui-meme
ec670f2fe86d4981b20be3e45a79ed7e;Canal de dernier ressort (last resort channel);Concept;Last resort channel;translation-en;haute;;attribut nameEn de l'entite (v110);forme anglaise declaree par le graphe lui-meme
6328d2b9f86b4d7b976887349a7dc4f9;Canal de paiement bidirectionnel (Lightning Network);Concept;Canal de paiement bidirectionnel;short-form;haute;;nom canonique v110 prive de sa parenthese;
6328d2b9f86b4d7b976887349a7dc4f9;Canal de paiement bidirectionnel (Lightning Network);Concept;Payment channel;translation-en;haute;;attribut nameEn de l'entite (v110);forme anglaise declaree par le graphe lui-meme
7c068f492b494dcc98ea316b509ff0b7;Capability — Artefact culturel (Casascius);Capability;Artefact culturel (Casascius);short-form;haute;;nom canonique v110 prive de son prefixe de type;le prefixe « Type — » est une convention du graphe, absente des sources
7c068f492b494dcc98ea316b509ff0b7;Capability — Artefact culturel (Casascius);Capability;Capability — Artefact culturel;short-form;haute;;nom canonique v110 prive de sa parenthese;
2fbd8b66edb24fe08176047133aee2e3;Capability — Cadeau physique / diffusion sociale (Casascius);Capability;Cadeau physique / diffusion sociale (Casascius);short-form;haute;;nom canonique v110 prive de son prefixe de type;le prefixe « Type — » est une convention du graphe, absente des sources
2fbd8b66edb24fe08176047133aee2e3;Capability — Cadeau physique / diffusion sociale (Casascius);Capability;Capability — Cadeau physique / diffusion sociale;short-form;haute;;nom canonique v110 prive de sa parenthese;
d5113574db884ea296f755f89c3b86c7;Capability — Diversité des clients Ethereum;Capability;Diversité des clients Ethereum;short-form;haute;;nom canonique v110 prive de son prefixe de type;le prefixe « Type — » est une convention du graphe, absente des sources
a07e9ce1fd344cbb9bcbb8569f413e7f;Capability — HD Wallets (BIP-32);Capability;BIP-32;spelling-variant;haute;;glose entre parentheses du nom canonique v110;
a07e9ce1fd344cbb9bcbb8569f413e7f;Capability — HD Wallets (BIP-32);Capability;Capability — HD Wallets;short-form;haute;;nom canonique v110 prive de sa parenthese;
a07e9ce1fd344cbb9bcbb8569f413e7f;Capability — HD Wallets (BIP-32);Capability;HD Wallets (BIP-32);short-form;haute;;nom canonique v110 prive de son prefixe de type;le prefixe « Type — » est une convention du graphe, absente des sources
9571956204ea46c0a61f41c2b3c988f7;Capability — Hashed Timelock Contract (HTLC);Capability;Capability — Hashed Timelock Contract;short-form;haute;;nom canonique v110 prive de sa parenthese;
9571956204ea46c0a61f41c2b3c988f7;Capability — Hashed Timelock Contract (HTLC);Capability;HTLC;spelling-variant;haute;;glose entre parentheses du nom canonique v110 + assets/MD (2 occ.);
9571956204ea46c0a61f41c2b3c988f7;Capability — Hashed Timelock Contract (HTLC);Capability;Hashed Timelock Contract (HTLC);short-form;haute;;nom canonique v110 prive de son prefixe de type;le prefixe « Type — » est une convention du graphe, absente des sources
8d4b6329201644bc969eaf0434462e36;Capability — Liquidité dollar synthétique (USDT);Capability;Capability — Liquidité dollar synthétique;short-form;haute;;nom canonique v110 prive de sa parenthese;
8d4b6329201644bc969eaf0434462e36;Capability — Liquidité dollar synthétique (USDT);Capability;Liquidité dollar synthétique (USDT);short-form;haute;;nom canonique v110 prive de son prefixe de type;le prefixe « Type — » est une convention du graphe, absente des sources
8d4b6329201644bc969eaf0434462e36;Capability — Liquidité dollar synthétique (USDT);Capability;USDT;spelling-variant;basse;e23b3f521e7a44e6bb87cbedc2aa2088;glose entre parentheses du nom canonique v110 + assets/MD (19 occ.);COLLISION EXACTE : nom d'une autre entite v110 (USDT / Organization)
f38c133912434110920093c16b4ce1bc;Capability — Minage industriel ASIC;Capability;Minage industriel ASIC;short-form;haute;;nom canonique v110 prive de son prefixe de type;le prefixe « Type — » est une convention du graphe, absente des sources
a7c83c1a0c06485da0024c8397492752;Capability — Notarisation et horodatage Bitcoin;Capability;Notarisation et horodatage Bitcoin;short-form;haute;;nom canonique v110 prive de son prefixe de type;le prefixe « Type — » est une convention du graphe, absente des sources
be6fc1153e8a4c759a4560243befd61c;Capability — Pay-to-Script-Hash (P2SH);Capability;Capability — Pay-to-Script-Hash;short-form;haute;;nom canonique v110 prive de sa parenthese;
be6fc1153e8a4c759a4560243befd61c;Capability — Pay-to-Script-Hash (P2SH);Capability;P2SH;spelling-variant;haute;;glose entre parentheses du nom canonique v110 + assets/MD (2 occ.);
be6fc1153e8a4c759a4560243befd61c;Capability — Pay-to-Script-Hash (P2SH);Capability;Pay-to-Script-Hash (P2SH);short-form;haute;;nom canonique v110 prive de son prefixe de type;le prefixe « Type — » est une convention du graphe, absente des sources
8f71d1cbe6fb424eac4200dbbc1c34c9;Capability — Transfert physique off-chain (Casascius);Capability;Capability — Transfert physique off-chain;short-form;haute;;nom canonique v110 prive de sa parenthese;
8f71d1cbe6fb424eac4200dbbc1c34c9;Capability — Transfert physique off-chain (Casascius);Capability;Transfert physique off-chain (Casascius);short-form;haute;;nom canonique v110 prive de son prefixe de type;le prefixe « Type — » est une convention du graphe, absente des sources
4ab7376c307f4268a02ee135b023001a;Carnavalesque comme lecture analytique;Argument;Carnivalesque as analytical reading;translation-en;haute;;attribut labelEn de l'entite (v110);forme anglaise declaree par le graphe lui-meme
1ec92dbbf42d4d5cbc23f35fe3ec0e64;Casper (recherche Proof of Stake Ethereum, Zamfir);Concept;Casper;short-form;haute;;nom canonique v110 prive de sa parenthese;
bfc36f985ef64226b2d554b8cf9d18cd;Ciblage d'inflation (Inflation Targeting);Concept;Inflation Targeting;translation-en;haute;;attribut nameEn de l'entite (v110) + assets/MD EN (5 occ.) + glose entre parentheses du nom canonique v110 + assets/MD (5 occ.);forme anglaise declaree par le graphe lui-meme
e52429fb249e4dab8b4c4da12635163f;Classe d actif (Bitcoin comme);Concept;Asset class;translation-en;haute;;attribut nameEn de l'entite (v110) + assets/MD EN (1 occ.);forme anglaise declaree par le graphe lui-meme
e52429fb249e4dab8b4c4da12635163f;Classe d actif (Bitcoin comme);Concept;Classe d actif;short-form;haute;;nom canonique v110 prive de sa parenthese;
c811ae9bc42d4760a9c39709076325ba;Client lourd / client leger (full node / SPV wallet);Concept;Full node;translation-en;basse;;attribut nameEn de l'entite (v110) + assets/MD EN (5 occ.);forme anglaise declaree par le graphe lui-meme — ALIAS AMBIGU : designe aussi Nœud complet (full node) — ne jamais resoudre automatiquement sur cette chaine
c811ae9bc42d4760a9c39709076325ba;Client lourd / client leger (full node / SPV wallet);Concept;SPV wallet;translation-en;haute;;attribut nameEn de l'entite (v110);forme anglaise declaree par le graphe lui-meme
7433329eb29f4702be6e32160f4341d5;Coin age (âge des pièces, PoS);Concept;Coin age;translation-en;haute;;attribut nameEn de l'entite (v110) + assets/MD EN (5 occ.) + nom canonique v110 prive de sa parenthese;forme anglaise declaree par le graphe lui-meme
61e8b86323f1e019d395d87e8f08e47f;Common Pool Resources;Concept;CPR;spelling-variant;haute;;attribut aliases (v110);
61e8b86323f1e019d395d87e8f08e47f;Common Pool Resources;Concept;Common Pool Resource;spelling-variant;haute;;attribut aliases (v110);
92b00fd0ab9049cea901c66a63c8fc1f;Communaute de paiement / Groupe monetaire;Concept;Payment Community;translation-en;haute;;attribut indigeneLabel (v110) — designation indigene + assets/MD (27 occ.);libelle employe par les acteurs eux-memes
3ecc025a3f6745ba85e3b46ecd90901b;Communauté épistémique;Concept;Epistemic Community;translation-en;haute;;attribut nameEn de l'entite (v110) + assets/MD EN (4 occ.);forme anglaise declaree par le graphe lui-meme
1fc737f7cde3481cad33cab26dc381e4;Communs numériques;Concept;Digital Commons;translation-en;haute;;attribut nameEn de l'entite (v110) + assets/MD EN (2 occ.);forme anglaise declaree par le graphe lui-meme
d9cbeb9053194544b2a6efc5e1277854;Concept — Canal financier et monétaire auxiliaire;Concept;Canal financier et monétaire auxiliaire;short-form;haute;;nom canonique v110 prive de son prefixe de type;le prefixe « Type — » est une convention du graphe, absente des sources
c149df7c23504f61b048c92e25d4d448;Concept — Conformité réglementaire;Concept;Conformité réglementaire;short-form;basse;3960e7b3294c4364bca1b046734ef886;nom canonique v110 prive de son prefixe de type;le prefixe « Type — » est une convention du graphe, absente des sources — COLLISION EXACTE : nom d'une autre entite v110 (Conformité réglementaire / InfrastructureDomain)
55fe068d49e04e379fa6b0ccfcd3b3e0;Concept — Demande des UCN BTC;Concept;Demande des UCN BTC;short-form;haute;;nom canonique v110 prive de son prefixe de type;le prefixe « Type — » est une convention du graphe, absente des sources
68999dd6e7d64457b1f9a77ebd61a3e2;Concept — Dilemme de la « poule et de l’œuf » de la valeur des UCN;Concept;Dilemme de la « poule et de l’œuf » de la valeur des UCN;short-form;haute;;nom canonique v110 prive de son prefixe de type;le prefixe « Type — » est une convention du graphe, absente des sources
c327e51615ca43a5bae0ff13bd2c1bcb;Concept — Distribution initiale de bitcoins;Concept;Distribution initiale de bitcoins;short-form;haute;;nom canonique v110 prive de son prefixe de type;le prefixe « Type — » est une convention du graphe, absente des sources
a58d61a8fbb24b94af41ffcda9c147d8;Concept — Découverte du prix (price discovery) de Bitcoin;Concept;Découverte du prix (price discovery) de Bitcoin;short-form;haute;;nom canonique v110 prive de son prefixe de type;le prefixe « Type — » est une convention du graphe, absente des sources
50691d10d9794d1fa8dbee96558bc48b;Concept — Expérimentation du protocole;Concept;Expérimentation du protocole;short-form;haute;;nom canonique v110 prive de son prefixe de type;le prefixe « Type — » est une convention du graphe, absente des sources
cf44312c32734899b2de9c7efdf1e3c2;Concept — Lightning Network;Concept;Lightning Network;short-form;basse;6213eb5f73954b8e957f5649a854c578;nom canonique v110 prive de son prefixe de type;le prefixe « Type — » est une convention du graphe, absente des sources — COLLISION EXACTE : nom d'une autre entite v110 (Lightning Network / Protocol)
1457c3a130204346b3e3919b88fd10f3;Concept — Liquidité du marché Bitcoin;Concept;Liquidité du marché Bitcoin;short-form;haute;;nom canonique v110 prive de son prefixe de type;le prefixe « Type — » est une convention du graphe, absente des sources
8f8adbbb5da5460eaacedc696259ce56;Concept — Offre des UCN BTC;Concept;Offre des UCN BTC;short-form;haute;;nom canonique v110 prive de son prefixe de type;le prefixe « Type — » est une convention du graphe, absente des sources
fd337ea6749747b3a9f576ee3c3488a1;Concept — Passerelle fiat (gateway) Bitcoin;Concept;Passerelle fiat (gateway) Bitcoin;short-form;haute;;nom canonique v110 prive de son prefixe de type;le prefixe « Type — » est une convention du graphe, absente des sources
944ea610bc09480fbefccb064b48d192;Concept — Preuve d'usage économique;Concept;Preuve d'usage économique;short-form;haute;;nom canonique v110 prive de son prefixe de type;le prefixe « Type — » est une convention du graphe, absente des sources
f608f24486464db7af3b43a2e014948f;Concept — Revenus et commissions de marché;Concept;Revenus et commissions de marché;short-form;haute;;nom canonique v110 prive de son prefixe de type;le prefixe « Type — » est une convention du graphe, absente des sources
ec999565ab0e4474a00a79a2dd6f705e;Concept — Séquestre non centralisé (escrow);Concept;Concept — Séquestre non centralisé;short-form;haute;;nom canonique v110 prive de sa parenthese;
ec999565ab0e4474a00a79a2dd6f705e;Concept — Séquestre non centralisé (escrow);Concept;Séquestre non centralisé (escrow);short-form;haute;;nom canonique v110 prive de son prefixe de type;le prefixe « Type — » est une convention du graphe, absente des sources
a6d2b7e9dee94a32b6e442824d889e9d;Concept — Usages réels de Bitcoin;Concept;Usages réels de Bitcoin;short-form;haute;;nom canonique v110 prive de son prefixe de type;le prefixe « Type — » est une convention du graphe, absente des sources
cd5fe8d501bd468abd0be818a6237cd0;Concept — Volume de transactions;Concept;Volume de transactions;short-form;haute;;nom canonique v110 prive de son prefixe de type;le prefixe « Type — » est une convention du graphe, absente des sources
9e63b6e996b3416dbcc1a94f8ff0ae50;Confiance monetaire;Concept;Monetary Trust;translation-en;haute;;attribut indigeneLabel (v110) — designation indigene + assets/MD (1 occ.);libelle employe par les acteurs eux-memes
d3db9a3bd38441f48ef0e79eecb44bb0;Conflit DAO Fork (2016);GovernanceConflict;Conflit DAO Fork;short-form;haute;;nom canonique v110 prive de sa parenthese;
3960e7b3294c4364bca1b046734ef886;Conformité réglementaire;InfrastructureDomain;Regulatory compliance;translation-en;haute;;proposition;traduction proposee, absente du graphe
5e14740096bb483a98711a1ead675d43;Contournement des rails bancaires (stablecoin);Concept;Contournement des rails bancaires;short-form;haute;;nom canonique v110 prive de sa parenthese;
758e9ca93d00591b0a077b2d4f0125eb;Controverse statut monétaire des cryptomonnaies;Concept;Controverse sur le statut monétaire;spelling-variant;haute;;patch SourceQuote (phase1, statut=not-found, x1);faux negatif du resolveur : nom employe par un patch reel, non resolu contre v110
7b29b0d2d8404396bbaa5742e07d8f21;Core Developers (Bitcoin);StakeholderGroup;Core Developers;short-form;basse;;nom canonique v110 prive de sa parenthese;ALIAS AMBIGU : designe aussi Core Developers (Ethereum) — ne jamais resoudre automatiquement sur cette chaine
c5f0d6a944544c3c93bdd731dbc83096;Core Developers (Ethereum);StakeholderGroup;Core Developers;short-form;basse;;nom canonique v110 prive de sa parenthese;ALIAS AMBIGU : designe aussi Core Developers (Bitcoin) — ne jamais resoudre automatiquement sur cette chaine
e5a2157fc33440afb5119ddf807bc6b0;Corpus données quantitatives Bitcoin (Annexe II);Corpus;Corpus données quantitatives Bitcoin;short-form;haute;;nom canonique v110 prive de sa parenthese;
71c28bb62a474820875a8ba16de2aa10;Corpus données quantitatives Ethereum (Annexe III);Corpus;Annexe III;spelling-variant;haute;;glose entre parentheses du nom canonique v110 + assets/MD (4 occ.);
71c28bb62a474820875a8ba16de2aa10;Corpus données quantitatives Ethereum (Annexe III);Corpus;Corpus données quantitatives Ethereum;short-form;haute;;nom canonique v110 prive de sa parenthese;
ffc480d571bf41fa9f1bff3519ce5e32;Corpus littérature grise;Corpus;Grey literature corpus;translation-en;haute;;proposition;traduction proposee, absente du graphe
ffc480d571bf41fa9f1bff3519ce5e32;Corpus littérature grise;Corpus;Littérature grise;short-form;basse;;patch SourceQuote (phase1, statut=fuzzy-only, x1);ARBITRAGE R1c (Mael, 2026-08-07) : degrade de haute a basse. Evidence CIRCULAIRE — l'alias ne prouve que « un patch l'a ecrit », et il resout un CONCEPT vers un CORPUS, ce qui engage une categorie. Ne jamais resoudre automatiquement dessus.
5cf3c3e7fefd424280ef88908b0add9b;Crise d'évolution;Concept;Crises d’évolution;spelling-variant;haute;;patch SourceQuote (phase1/phase3, statut=fuzzy-only, x3);faux negatif du resolveur : nom employe par un patch reel, non resolu contre v110
5cf3c3e7fefd424280ef88908b0add9b;Crise d'évolution;Concept;Evolution Crisis;translation-en;haute;;attribut nameEn de l'entite (v110) + assets/MD EN (2 occ.);forme anglaise declaree par le graphe lui-meme
7c6a36aeea924f209742c220507917e2;Crise de DOS (denial-of-service);Concept;DoS Attack;translation-en;haute;;attribut indigeneLabel (v110) — designation indigene + assets/MD (3 occ.);libelle employe par les acteurs eux-memes
cbf51f368ab14bc09d7c9501abcb7d41;Crise de faux monnayage;Concept;Inflation Bug Crisis;observed-in-source;haute;;attribut indigeneLabel (v110) — designation indigene;libelle employe par les acteurs eux-memes
68c6592878a34164a5a37edc8c49382d;Crise de vulnérabilité;Concept;Crises de vulnérabilité;spelling-variant;haute;;patch SourceQuote (phase1/phase3, statut=fuzzy-only, x3);faux negatif du resolveur : nom employe par un patch reel, non resolu contre v110
68c6592878a34164a5a37edc8c49382d;Crise de vulnérabilité;Concept;Vulnerability Crisis;translation-en;haute;;attribut nameEn de l'entite (v110) + assets/MD EN (3 occ.);forme anglaise declaree par le graphe lui-meme
68c6592878a34164a5a37edc8c49382d;Crise de vulnérabilité;Concept;Vulnerability crisis;translation-en;haute;;proposition + assets/MD EN (3 occ.);
923f4b0fd9894482a767e69a115b2799;Crises comme épreuves d’explicitation;NarrativeCluster;Crises as trials of explicitation;translation-en;haute;;attribut labelEn de l'entite (v110);forme anglaise declaree par le graphe lui-meme
6ba73da9cdff4ca0bd94e11b314f2b4b;Crises comme épreuves d’explicitation (non téléologiques);Argument;Crises as non-teleological trials of explicitation;translation-en;haute;;attribut labelEn de l'entite (v110);forme anglaise declaree par le graphe lui-meme
6ba73da9cdff4ca0bd94e11b314f2b4b;Crises comme épreuves d’explicitation (non téléologiques);Argument;Crises comme épreuves d’explicitation;spelling-variant;basse;923f4b0fd9894482a767e69a115b2799;attribut labelFr (v110) + nom canonique v110 prive de sa parenthese;COLLISION EXACTE : nom d'une autre entite v110 (Crises comme épreuves d’explicitation / NarrativeCluster)
7c752c3cc7be4528baddec7660f39c1a;Critique symétrique des essentialismes monétaires;Argument;Symmetric critique of monetary essentialisms;translation-en;haute;;attribut labelEn de l'entite (v110);forme anglaise declaree par le graphe lui-meme
51ddbdfd70254c0490411f8e6b736927;Critique symétrique des ontologies monétaires substantielles;NarrativeCluster;Symmetric critique of substantive monetary ontologies;translation-en;haute;;attribut labelEn de l'entite (v110);forme anglaise declaree par le graphe lui-meme
5f9eebaf04334e24a113375193513c32;Custodial vs non-custodial (wallet);Concept;Custodial;translation-en;haute;;attribut nameEn de l'entite (v110) + assets/MD EN (10 occ.);forme anglaise declaree par le graphe lui-meme
5f9eebaf04334e24a113375193513c32;Custodial vs non-custodial (wallet);Concept;non-custodial;translation-en;haute;;attribut nameEn de l'entite (v110) + assets/MD EN (7 occ.);forme anglaise declaree par le graphe lui-meme
45bdbea2b9ec4c43a21ed9596e1764f9;Cycles bull/bear (marches haussiers/baissiers);Concept;Bull/bear cycle;translation-en;haute;;attribut nameEn de l'entite (v110);forme anglaise declaree par le graphe lui-meme
45bdbea2b9ec4c43a21ed9596e1764f9;Cycles bull/bear (marches haussiers/baissiers);Concept;Cycles bull/bear;short-form;haute;;nom canonique v110 prive de sa parenthese;
9166772f6004463ea6769f857f94dc97;DAO — Déclenchement;CrisisPhase;Déclenchement;spelling-variant;haute;;attribut labelFr (v110);
34a461c64ae64483a980a5d34d9cdf56;DAO — Remise en ordre;CrisisPhase;Remise en ordre;spelling-variant;haute;;attribut labelFr (v110);
094caf2b65fe4f7f80d813df0f960ebd;DEX (bourse décentralisée);Concept;DEX;acronym;haute;;nom canonique v110 prive de sa parenthese + assets/MD (8 occ. en limites de mots);forme courte tres ambigue hors contexte : ne jamais resoudre sur ce seul jeton
094caf2b65fe4f7f80d813df0f960ebd;DEX (bourse décentralisée);Concept;Decentralized exchange;translation-en;haute;;attribut nameEn de l'entite (v110) + assets/MD EN (1 occ.);forme anglaise declaree par le graphe lui-meme
bcd35e44c5234474a0189ee94b9f43ee;Decouverte du prix (price discovery);Concept;Price discovery;translation-en;haute;;attribut nameEn de l'entite (v110) + assets/MD EN (1 occ.);forme anglaise declaree par le graphe lui-meme
c4f5fb32e66343fcb9f0fc10931aed7f;Dependance au sentier (path dependency);Concept;Dependance au sentier;short-form;haute;;nom canonique v110 prive de sa parenthese;
c4f5fb32e66343fcb9f0fc10931aed7f;Dependance au sentier (path dependency);Concept;Path dependency;translation-en;haute;;attribut nameEn de l'entite (v110) + assets/MD EN (1 occ.);forme anglaise declaree par le graphe lui-meme
f36a2cc8e26542cf990b587e13d4f178;Dilemme de la poule et de l'œuf (bootstrapping monétaire);Concept;Dilemme de la poule et de l'œuf;short-form;basse;;nom canonique v110 prive de sa parenthese;ALIAS AMBIGU : designe aussi Dilemme de la poule et de l'œuf (valeur BTC) — ne jamais resoudre automatiquement sur cette chaine
f36a2cc8e26542cf990b587e13d4f178;Dilemme de la poule et de l'œuf (bootstrapping monétaire);Concept;Dilemme poule/œuf , chicken-and-egg problem;observed-in-source;haute;;attribut indigeneLabel (v110) — designation indigene;libelle employe par les acteurs eux-memes
afc0d50c564647839eaf83ccbae5a463;Discretion contrainte;Concept;Constrained Discretion;spelling-variant;haute;;attribut aliases (v110);
afc0d50c564647839eaf83ccbae5a463;Discretion contrainte;Concept;Discrétion contrainte;spelling-variant;haute;;attribut aliases (v110);
7ee960755783430c9db0bb016e87b78b;Disponibilité;Concept;Disponibilite;spelling-variant;haute;;attribut aliases (v110);
32ccbd7ff4d6469db9d5977db5ac112e;Distributeurs de bitcoin (ATM);InfrastructureSegment;ATM;spelling-variant;haute;;glose entre parentheses du nom canonique v110 + assets/MD (4 occ.);
32ccbd7ff4d6469db9d5977db5ac112e;Distributeurs de bitcoin (ATM);InfrastructureSegment;Distributeurs de bitcoin;short-form;haute;;nom canonique v110 prive de sa parenthese;
bdff81b9431b4a8990912e7447e60426;Diversite des implementations clientes;Concept;Client Diversity;observed-in-source;haute;;attribut indigeneLabel (v110) — designation indigene;libelle employe par les acteurs eux-memes
d66b452862854afc98a024f06ddbf56a;Division sociale du travail protocolaire (Bitcoin);Concept;Division sociale du travail protocolaire;short-form;haute;;nom canonique v110 prive de sa parenthese;
2f54deb5da1440c8bdd5ca16dbc8c647;Divulgation responsable;Concept;Responsible Disclosure;observed-in-source;basse;018cb3c562674948be30d910d68359c3;attribut indigeneLabel (v110) — designation indigene + assets/MD (16 occ.);libelle employe par les acteurs eux-memes — COLLISION EXACTE : nom d'une autre entite v110 (Responsible Disclosure / Concept) — doublon FR/EN deja realise dans v110 : meme concept porte par deux fiches — arbitrage auteur requis, cette table n'autorise aucune fusion
d63d0dbb4d6a453cbeb724bbb2adb28d;Dollarisation de Bitcoin (stablecoin pivot);Concept;Dollarisation de Bitcoin;short-form;haute;;nom canonique v110 prive de sa parenthese;
d63d0dbb4d6a453cbeb724bbb2adb28d;Dollarisation de Bitcoin (stablecoin pivot);Concept;Dollarization of Bitcoin;translation-en;haute;;attribut nameEn de l'entite (v110) + assets/MD EN (2 occ.);forme anglaise declaree par le graphe lui-meme
acd16826920c47f4afc5e6ea59a3c56a;Double depense;TechnicalConcept;Double dépense;spelling-variant;haute;;attribut aliases (v110);
acd16826920c47f4afc5e6ea59a3c56a;Double depense;TechnicalConcept;Problème de double dépense;spelling-variant;haute;;attribut aliases (v110);
acd16826920c47f4afc5e6ea59a3c56a;Double depense;TechnicalConcept;double spend;spelling-variant;haute;;attribut aliases (v110);
2e4e25ff8883988739a49a0e0202e695;Dust limit (Bitcoin);Concept;Dust limit;short-form;haute;;nom canonique v110 prive de sa parenthese;
2bc86138ffe94ffebe818f257334bc9a;Décentralisation du DNS;Concept;DNS decentralization;translation-en;haute;;attribut nameEn de l'entite (v110);forme anglaise declaree par le graphe lui-meme
409eb8134a5c48a49b1508a38e25d649;Décentrement infrastructurel de Bitcoin (escape velocity);Concept;Décentrement infrastructurel de Bitcoin;short-form;haute;;nom canonique v110 prive de sa parenthese;
409eb8134a5c48a49b1508a38e25d649;Décentrement infrastructurel de Bitcoin (escape velocity);Concept;escape velocity;spelling-variant;haute;;glose entre parentheses du nom canonique v110 + assets/MD (3 occ.);
3bdb90206ead401498ae3f9cadd1fb8f;Délégation et recentralisation (Bitcoin);Concept;Délégation et recentralisation;short-form;haute;;nom canonique v110 prive de sa parenthese;
a34001a6571f4fdf8ae13d5e3b64587b;Développement carnavalesque;CoreConcept;Carnivalesque Development;translation-en;haute;;attribut nameEn de l'entite (v110) + assets/MD EN (3 occ.);forme anglaise declaree par le graphe lui-meme
8d45d1b9853f4c93a55ab6e382a11e7c;Développement protocolaire et logiciel (Bitcoin Core);InfrastructureSegment;Bitcoin Core;spelling-variant;haute;;glose entre parentheses du nom canonique v110 + assets/MD (380 occ.);
8d45d1b9853f4c93a55ab6e382a11e7c;Développement protocolaire et logiciel (Bitcoin Core);InfrastructureSegment;Développement protocolaire et logiciel;short-form;haute;;nom canonique v110 prive de sa parenthese;
dea76780ff6843e4a12e9604a117baac;EIP (Ethereum Improvement Proposal);Concept;EIP;acronym;haute;;nom canonique v110 prive de sa parenthese + assets/MD (20 occ. en limites de mots);forme courte tres ambigue hors contexte : ne jamais resoudre sur ce seul jeton
dea76780ff6843e4a12e9604a117baac;EIP (Ethereum Improvement Proposal);Concept;Ethereum Improvement Proposal;translation-en;haute;;attribut nameEn de l'entite (v110) + assets/MD EN (2 occ.) + glose entre parentheses du nom canonique v110 + assets/MD (4 occ.);forme anglaise declaree par le graphe lui-meme
94ddee14484b4e079465b39221fe9df4;Early adopters (premiers adoptants);Concept;Early adopters;translation-en;haute;;attribut nameEn de l'entite (v110) + assets/MD EN (2 occ.) + nom canonique v110 prive de sa parenthese;forme anglaise declaree par le graphe lui-meme
a24eab80e2d94f3080b50f4130003566;Effet réseau (network effect);Concept;Effet réseau;short-form;haute;;nom canonique v110 prive de sa parenthese;
a24eab80e2d94f3080b50f4130003566;Effet réseau (network effect);Concept;Network effect;translation-en;haute;;attribut nameEn de l'entite (v110);forme anglaise declaree par le graphe lui-meme
3ba20dcf685d4e708cd990cb721e409b;Empreinte numerique / Hash;Concept;Empreinte numérique;spelling-variant;haute;;attribut aliases (v110);
a8ea3d0c7ae0420fbd5f8622d2ae4e5d;Enregistrement/bloc orphelin (orphan block);Concept;Orphan block;translation-en;haute;;attribut nameEn de l'entite (v110) + assets/MD EN (3 occ.);forme anglaise declaree par le graphe lui-meme
0c2708df5e644ac89252ab7a85ff4230;Entretiens;Method;Interviews;translation-en;haute;;attribut nameEn de l'entite (v110) + assets/MD EN (41 occ.);forme anglaise declaree par le graphe lui-meme
7489dce9688a43df9843144626811dae;Epreuve d'explicitation;Concept;Test of Explicitation;translation-en;haute;;attribut indigeneLabel (v110) — designation indigene + assets/MD (3 occ.);libelle employe par les acteurs eux-memes
7489dce9688a43df9843144626811dae;Epreuve d'explicitation;Concept;épreuve d'explicitation;spelling-variant;haute;;assets/MD (11 occ.) — graphie attestee du nom canonique;le nom canonique v110 est desaccentue
b4c3838e9ede4dbeb736f1572f6eb2d8;Espace monetaire / Espace juridictionnel;Concept;Jurisdictional Space;translation-en;haute;;attribut indigeneLabel (v110) — designation indigene + assets/MD (1 occ.);libelle employe par les acteurs eux-memes
b4c3838e9ede4dbeb736f1572f6eb2d8;Espace monetaire / Espace juridictionnel;Concept;Monetary Space;translation-en;haute;;attribut indigeneLabel (v110) — designation indigene + assets/MD (7 occ.);libelle employe par les acteurs eux-memes
26edc95bf98c4de399f95486dcd3ceb4;Esprit du code vs Lettre du code;Concept;Spirit vs Letter of Code;observed-in-source;haute;;attribut indigeneLabel (v110) — designation indigene;libelle employe par les acteurs eux-memes
3950b6a9bbb34056af6ede8c86b29a5e;Etalon pivot (Bitcoin dans l ecosysteme CM);Concept;Etalon pivot;short-form;haute;;nom canonique v110 prive de sa parenthese;
3950b6a9bbb34056af6ede8c86b29a5e;Etalon pivot (Bitcoin dans l ecosysteme CM);Concept;Pivot standard;translation-en;haute;;attribut nameEn de l'entite (v110);forme anglaise declaree par le graphe lui-meme
5ea44d21a07d4d13a6f1d6677936b8e7;Ethereum Classic (ETHC);Protocol;ETHC;spelling-variant;haute;;glose entre parentheses du nom canonique v110 + assets/MD (14 occ.);
5ea44d21a07d4d13a6f1d6677936b8e7;Ethereum Classic (ETHC);Protocol;Ethereum Classic;short-form;haute;;nom canonique v110 prive de sa parenthese;
f788033ee36c478d8fbe59d5e3825d95;Ethnographie;Method;Multi-level Ethnographic Inquiry;translation-en;haute;;attribut nameEn de l'entite (v110);forme anglaise declaree par le graphe lui-meme
e52533a29c654bc4b9a3d7622279ef50;Ethnographie économique;TheoreticFramework;Economic Ethnography;translation-en;haute;;attribut nameEn de l'entite (v110) + assets/MD EN (2 occ.);forme anglaise declaree par le graphe lui-meme
504644ee3f7a4253b88b6139f239693a;Etudes infrastructurelles;TheoreticFramework;études infrastructurelles;spelling-variant;haute;;assets/MD (3 occ.) — graphie attestee du nom canonique;le nom canonique v110 est desaccentue
850f081c506a4833b4fb7824bd9192a8;Faille de reentrancy;Concept;Reentrancy Attack;translation-en;haute;;attribut indigeneLabel (v110) — designation indigene + assets/MD (1 occ.);libelle employe par les acteurs eux-memes
0f71936ad797433b844c335ea226bd2f;Faisceau de droits (Bundle of Rights);Concept;Bundle of Rights;translation-en;haute;;attribut nameEn de l'entite (v110) + assets/MD EN (1 occ.);forme anglaise declaree par le graphe lui-meme
9d27a27ff2be40d9a6e12e269279b7d1;Finalité de paiement (payment finality);Concept;Payment finality;translation-en;haute;;attribut nameEn de l'entite (v110) + assets/MD EN (4 occ.);forme anglaise declaree par le graphe lui-meme
5985284307454b0690293132fcdeb898;Flood attack (attaque par inondation de transactions);Concept;Flood attack;translation-en;haute;;attribut nameEn de l'entite (v110) + nom canonique v110 prive de sa parenthese;forme anglaise declaree par le graphe lui-meme
5985284307454b0690293132fcdeb898;Flood attack (attaque par inondation de transactions);Concept;transaction spam;translation-en;haute;;attribut nameEn de l'entite (v110);forme anglaise declaree par le graphe lui-meme
7ba4c97e124a433c8327223fdc25d400;Forces centripetes et centrifuges (Bitcoin);Concept;Centripetal/centrifugal forces;translation-en;haute;;attribut nameEn de l'entite (v110);forme anglaise declaree par le graphe lui-meme
7ba4c97e124a433c8327223fdc25d400;Forces centripetes et centrifuges (Bitcoin);Concept;Forces centripetes et centrifuges;short-form;haute;;nom canonique v110 prive de sa parenthese;
38f199fc83654f508ad8ad0aac7d5dc2;Fournisseurs de portefeuilles (wallet providers);StakeholderCategory;Fournisseurs de portefeuilles;short-form;basse;cd17655451a34a21bfe45af7541147cf;nom canonique v110 prive de sa parenthese;COLLISION EXACTE : nom d'une autre entite v110 (Fournisseurs de portefeuilles / StakeholderCategory)
d8022a1e77fe48b0bf01cb915a6c9945;Fragmentation de l'écosystème Bitcoin (18→22 segments 2012-2013);Concept;Fragmentation de l'écosystème Bitcoin;short-form;haute;;nom canonique v110 prive de sa parenthese;
5bf9c25933cb44a8aaa8dd335a662f89;Frais de transaction Bitcoin;Concept;Transaction fees;translation-en;haute;;attribut nameEn de l'entite (v110) + assets/MD EN (53 occ.);forme anglaise declaree par le graphe lui-meme
d518be4403df44229c0af50f6c3ebc87;GAS (Ethereum);Concept;GAS;short-form;haute;;nom canonique v110 prive de sa parenthese;
d7c6d27fa6d94a239037409847db50f9;Galaxie d'Altcoins (constellation de protocoles);Concept;Galaxie d'Altcoins;short-form;haute;;nom canonique v110 prive de sa parenthese;
d7c6d27fa6d94a239037409847db50f9;Galaxie d'Altcoins (constellation de protocoles);Concept;Galaxy of altcoins;translation-en;haute;;attribut nameEn de l'entite (v110);forme anglaise declaree par le graphe lui-meme
a22f20aea49d4f86ab927e9c71d0a850;Gouvernance de huis clos;Concept;Closed-door Governance;translation-en;haute;;attribut nameEn de l'entite (v110) + assets/MD EN (15 occ.);forme anglaise declaree par le graphe lui-meme
a22f20aea49d4f86ab927e9c71d0a850;Gouvernance de huis clos;Concept;Huis Clos Governance;translation-en;haute;;attribut nameEn de l'entite (v110);forme anglaise declaree par le graphe lui-meme
82b2387dbb644f2ca00fc7b0b272c1d1;Gouvernance de maintenance (huis clos routinier);NarrativeCluster;Gouvernance de maintenance;spelling-variant;haute;;attribut labelFr (v110) + nom canonique v110 prive de sa parenthese;
82b2387dbb644f2ca00fc7b0b272c1d1;Gouvernance de maintenance (huis clos routinier);NarrativeCluster;Maintenance governance;translation-en;haute;;attribut labelEn de l'entite (v110);forme anglaise declaree par le graphe lui-meme
a432cc76f9ea4e949e374476082b89ab;Gouvernance duale;CoreConcept;Dual Governance;translation-en;haute;;attribut nameEn de l'entite (v110) + assets/MD EN (4 occ.);forme anglaise declaree par le graphe lui-meme
0386bd526a04481d9ce4501f8c41374f;Gouvernance on-chain (budget et vote);Concept;Gouvernance on-chain;short-form;haute;;nom canonique v110 prive de sa parenthese;
ac80b824dedc47419211e4393dfcd681;Gouvernance par l'infrastructure;Concept;Gouvernance par l’infrastructure;spelling-variant;haute;;patch SourceQuote (phase1/phase2, statut=unique, x2);faux negatif du resolveur : nom employe par un patch reel, non resolu contre v110
ac80b824dedc47419211e4393dfcd681;Gouvernance par l'infrastructure;Concept;Governance through infrastructure;translation-en;moyenne;;proposition;traduction proposee, absente du graphe
22d52249dba84e33a0f4488cb81747ba;Gouvernance par le protocole;Concept;On-chain Governance;translation-en;haute;;attribut indigeneLabel (v110) — designation indigene + assets/MD (1 occ.);libelle employe par les acteurs eux-memes
a444085b9b2d4ea1aa734f7e25db6a6c;Gouvernance polycentrique;CoreConcept;Polycentric Governance;translation-en;haute;;attribut nameEn de l'entite (v110) + assets/MD EN (24 occ.) + patch SourceQuote (phase2/phase3, statut=not-found, x3);forme anglaise declaree par le graphe lui-meme — faux negatif du resolveur : nom employe par un patch reel, non resolu contre v110
a444085b9b2d4ea1aa734f7e25db6a6c;Gouvernance polycentrique;CoreConcept;Polycentric governance;translation-en;haute;;patch SourceQuote (phase1, statut=not-found, x1);faux negatif du resolveur : nom employe par un patch reel, non resolu contre v110
119915486da7457e8d6c841d419ac8e6;Gouvernance publique d'exception;Concept;N/A — catégorie analytique etic;observed-in-source;haute;;attribut indigeneLabel (v110) — designation indigene;libelle employe par les acteurs eux-memes
119915486da7457e8d6c841d419ac8e6;Gouvernance publique d'exception;Concept;Public governance of exception: the hard fork;translation-en;haute;;attribut labelEn de l'entite (v110);forme anglaise declaree par le graphe lui-meme
73b638dd42ef432fbc15fe98026e65e3;Gouvernance publique et ouverte;Concept;Open Public Governance;translation-en;haute;;attribut nameEn de l'entite (v110);forme anglaise declaree par le graphe lui-meme
e22205f327564c608c4710150bbac16b;Gouvernance sur l'infrastructure;Concept;Gouvernance sur l’infrastructure;spelling-variant;haute;;patch SourceQuote (phase1/phase2, statut=unique, x2);faux negatif du resolveur : nom employe par un patch reel, non resolu contre v110
e22205f327564c608c4710150bbac16b;Gouvernance sur l'infrastructure;Concept;Governance over infrastructure;translation-en;haute;;proposition + assets/MD EN (1 occ.);
604158d5bab84e82821d53e75070899a;Gouvernance sur le protocole;Concept;Off-chain Governance;observed-in-source;haute;;attribut indigeneLabel (v110) — designation indigene;libelle employe par les acteurs eux-memes
52b78e8f887849daae08b2c1681272ed;GovernanceProcess — Adoption BIP-16 P2SH (avril 2012);GovernanceProcess;Adoption BIP-16 P2SH (avril 2012);short-form;haute;;nom canonique v110 prive de son prefixe de type;le prefixe « Type — » est une convention du graphe, absente des sources
52b78e8f887849daae08b2c1681272ed;GovernanceProcess — Adoption BIP-16 P2SH (avril 2012);GovernanceProcess;GovernanceProcess — Adoption BIP-16 P2SH;short-form;haute;;nom canonique v110 prive de sa parenthese;
0c6543e3c0a74af5b0f004d4e44833e7;GovernanceProcess — Bitcoin Scaling Debate (2015-2017);GovernanceProcess;Bitcoin Scaling Debate (2015-2017);short-form;haute;;nom canonique v110 prive de son prefixe de type;le prefixe « Type — » est une convention du graphe, absente des sources
0c6543e3c0a74af5b0f004d4e44833e7;GovernanceProcess — Bitcoin Scaling Debate (2015-2017);GovernanceProcess;GovernanceProcess — Bitcoin Scaling Debate;short-form;haute;;nom canonique v110 prive de sa parenthese;
44e842cde307496fb3701b6570386316;GovernanceProcess — CVE-2018-17144 résolution (septembre 2018);GovernanceProcess;CVE-2018-17144 résolution (septembre 2018);short-form;haute;;nom canonique v110 prive de son prefixe de type;le prefixe « Type — » est une convention du graphe, absente des sources
44e842cde307496fb3701b6570386316;GovernanceProcess — CVE-2018-17144 résolution (septembre 2018);GovernanceProcess;GovernanceProcess — CVE-2018-17144 résolution;short-form;haute;;nom canonique v110 prive de sa parenthese;
cf8cf57a5c414213a1120ec0ad287046;GovernanceProcess — DAO Fork délibération (juin-juillet 2016);GovernanceProcess;DAO Fork délibération (juin-juillet 2016);short-form;haute;;nom canonique v110 prive de son prefixe de type;le prefixe « Type — » est une convention du graphe, absente des sources
cf8cf57a5c414213a1120ec0ad287046;GovernanceProcess — DAO Fork délibération (juin-juillet 2016);GovernanceProcess;GovernanceProcess — DAO Fork délibération;short-form;haute;;nom canonique v110 prive de sa parenthese;
b0e025a2dbd64e1a97a2b580667ee267;GovernanceProcess — Réponse réglementaire au hack MtGox (2014);GovernanceProcess;GovernanceProcess — Réponse réglementaire au hack MtGox;short-form;haute;;nom canonique v110 prive de sa parenthese;
b0e025a2dbd64e1a97a2b580667ee267;GovernanceProcess — Réponse réglementaire au hack MtGox (2014);GovernanceProcess;Réponse réglementaire au hack MtGox (2014);short-form;haute;;nom canonique v110 prive de son prefixe de type;le prefixe « Type — » est une convention du graphe, absente des sources
fb0eeba9b7474ed286cdb934791d022d;Guerre des blocs (Blocksize War);GovernanceConflict;Blocksize War;spelling-variant;haute;;glose entre parentheses du nom canonique v110 + assets/MD (12 occ.);
fb0eeba9b7474ed286cdb934791d022d;Guerre des blocs (Blocksize War);GovernanceConflict;Blocksize War, bloc size debate, guerre des blocs;spelling-variant;haute;;attribut aliases (v110);
fb0eeba9b7474ed286cdb934791d022d;Guerre des blocs (Blocksize War);GovernanceConflict;Guerre des blocs;short-form;haute;;nom canonique v110 prive de sa parenthese;
8867c0f4c1554fe59fa4c2017e72ac68;Hashcash (Back 1997);Concept;Hashcash;short-form;haute;;nom canonique v110 prive de sa parenthese;
c16722f93452416288a46caa05f59d9d;Hasher (mineur délégué);Concept;Hasher;translation-en;haute;;attribut nameEn de l'entite (v110) + assets/MD EN (1 occ.) + nom canonique v110 prive de sa parenthese;forme anglaise declaree par le graphe lui-meme
c16722f93452416288a46caa05f59d9d;Hasher (mineur délégué);Concept;delegated miner;translation-en;haute;;attribut nameEn de l'entite (v110);forme anglaise declaree par le graphe lui-meme
a5a8b549c08e499fba0fd51dba848cfe;Hyper-bitcoinisation / Hyper-cryptomonetisation;Concept;Hyperbitcoinization;observed-in-source;haute;;attribut indigeneLabel (v110) — designation indigene;libelle employe par les acteurs eux-memes
87aee3c6c4e546ba825fc940fe964b41;Hyper-cryptomonétisation;Concept;Hyper-cryptomonetization;translation-en;haute;;attribut nameEn de l'entite (v110) + assets/MD EN (2 occ.);forme anglaise declaree par le graphe lui-meme
641da162d8044da39035aafc996f7f9f;Hégémonie de Bitcoin Core (implémentation référente);Concept;Hégémonie de Bitcoin Core;short-form;haute;;nom canonique v110 prive de sa parenthese;
65e0280932914b8493008c7751fb7ba9;IAD Framework;TheoreticFramework;IAD (Institutional Analysis and Development) Framework;spelling-variant;haute;;attribut aliases (v110);
d622d318825741cda43212d7831a88c7;II.3 Au‑delà de la revendication d'une absence de gouvernance !;Concept|ThesisSection;Absence de gouvernance;short-form;moyenne;;patch SourceQuote (phase2, statut=fuzzy-only, x1);faux negatif du resolveur : nom employe par un patch reel, non resolu contre v110 — cible arbitree a la main, ne pas resoudre automatiquement
d622d318825741cda43212d7831a88c7;II.3 Au‑delà de la revendication d'une absence de gouvernance !;Concept|ThesisSection;II.3 Beyond the Claim of an Absence of Governance!;translation-en;haute;;attribut labelEn de l'entite (v110) + assets/MD EN (1 occ.);forme anglaise declaree par le graphe lui-meme
ea99bd4bf7954ae8b2965aa575fb0a4f;IOU / reconnaissance de dette (crypto);Concept;IOU;translation-en;haute;;attribut nameEn de l'entite (v110);forme anglaise declaree par le graphe lui-meme
ea99bd4bf7954ae8b2965aa575fb0a4f;IOU / reconnaissance de dette (crypto);Concept;IOU / reconnaissance de dette;short-form;haute;;nom canonique v110 prive de sa parenthese;
ea99bd4bf7954ae8b2965aa575fb0a4f;IOU / reconnaissance de dette (crypto);Concept;debt claim;translation-en;haute;;attribut nameEn de l'entite (v110);forme anglaise declaree par le graphe lui-meme
17d7b62a00584fc19e04420bd3227672;Immersion participante (en ligne);Method;Immersion participante;short-form;haute;;nom canonique v110 prive de sa parenthese + patch SourceQuote (phase1, statut=fuzzy-only, x1);faux negatif du resolveur : nom employe par un patch reel, non resolu contre v110
17d7b62a00584fc19e04420bd3227672;Immersion participante (en ligne);Method;Participant Immersion;translation-en;haute;;attribut nameEn de l'entite (v110) + assets/MD EN (4 occ.);forme anglaise declaree par le graphe lui-meme
3efade56eb0c450a8d1f3060bca119ff;Immunité à la gouvernance humaine (prétention coiner);Concept;Immunité à la gouvernance humaine;short-form;haute;;nom canonique v110 prive de sa parenthese;
d8b2aecc33714e7dbe6864d9c18b6763;Information et connaissance;InfrastructureDomain;Information and knowledge;translation-en;haute;;proposition + assets/MD EN (5 occ.);
6baa805952d145bc9c4b1b14eede3c33;Infrastructure;Concept;Seamless Infrastructure;translation-en;haute;;attribut nameEn de l'entite (v110) + patch SourceQuote (phase3, statut=fuzzy-only, x4);forme anglaise declaree par le graphe lui-meme — faux negatif du resolveur : nom employe par un patch reel, non resolu contre v110
66744118d90e4a459df2cd009e19c6b7;Institutionnalisation carnavalesque de l'infrastructure Bitcoin;Concept;Institutionnalisation carnavalesque;observed-in-source;haute;;attribut indigeneLabel (v110) — designation indigene + assets/MD (1 occ.);libelle employe par les acteurs eux-memes
2e24bde03cad4d56b1c0c012d7cf1e57;Institutionnalisme Monetaire Francophone (IMF);TheoreticFramework;IMF;acronym;haute;;glose entre parentheses du nom canonique v110 + assets/MD (46 occ.) + assets/MD (46 occ. en limites de mots);forme courte tres ambigue hors contexte : ne jamais resoudre sur ce seul jeton
2e24bde03cad4d56b1c0c012d7cf1e57;Institutionnalisme Monetaire Francophone (IMF);TheoreticFramework;Institutionnalisme Monetaire Francophone;short-form;basse;53983b5343c0ff0a8253aa23d5c3ad45;nom canonique v110 prive de sa parenthese;COLLISION NORMALISEE (casse/accents) avec Institutionnalisme Monétaire Francophone
2e24bde03cad4d56b1c0c012d7cf1e57;Institutionnalisme Monetaire Francophone (IMF);TheoreticFramework;Institutionnalisme monétaire;short-form;basse;;patch SourceQuote (phase1, statut=fuzzy-only, x2);faux negatif du resolveur : nom employe par un patch reel, non resolu contre v110 — cible arbitree a la main, ne pas resoudre automatiquement , ambigu entre 2e24bde0 (TheoreticFramework) et 53983b53 (Concept), qui sont eux-memes un doublon probable
878455ba7b7a48ad944d05748bd8afce;Interopérabilité de Bitcoin (avec l'infrastructure financière);SecondaryConcept;Interopérabilité de Bitcoin;short-form;haute;;nom canonique v110 prive de sa parenthese;
b69a769ca24848269ead1bac5d5f08f6;Interopérabilité entre clients Ethereum (enjeu de coordination);Concept;Interopérabilité entre clients Ethereum;short-form;haute;;nom canonique v110 prive de sa parenthese;
5e6aaa5a229b43f6a9b1ab180b79ea49;Inversion infrastructurelle;Concept;Infrastructural Inversion;translation-en;haute;;attribut indigeneLabel (v110) — designation indigene + assets/MD (1 occ.);libelle employe par les acteurs eux-memes
96e86584cc5d415e90895629a2c2e143;KYC / AML (conformite reglementaire);Concept;Anti-Money Laundering;translation-en;haute;;attribut nameEn de l'entite (v110) + assets/MD EN (3 occ.);forme anglaise declaree par le graphe lui-meme
96e86584cc5d415e90895629a2c2e143;KYC / AML (conformite reglementaire);Concept;Know Your Customer;translation-en;haute;;attribut nameEn de l'entite (v110) + assets/MD EN (2 occ.);forme anglaise declaree par le graphe lui-meme
021c2a1e5ab743b48fc0105a6d5376bf;Langage C++ (choix de Nakamoto);Concept;C++ programming language;translation-en;haute;;attribut nameEn de l'entite (v110) + assets/MD EN (3 occ.);forme anglaise declaree par le graphe lui-meme
2e14d6cba3b648638dc754cf0c3869d0;Leigh Star;Person;Susan Leigh Star;spelling-variant;basse;;patch SourceQuote (phase1, statut=fuzzy-only, x1);ARBITRAGE R1c (Mael, 2026-08-07) : degrade de haute a basse. Evidence CIRCULAIRE — l'alias ne prouve que « un patch l'a ecrit », et il engage l'IDENTITE D'UNE PERSONNE reelle. Ne jamais resoudre automatiquement dessus.
ebbde512a8e94218893b1500f2ae5225;Libertarianisme (libertarianism);Concept;Libertarianism;translation-en;haute;;attribut nameEn de l'entite (v110) + assets/MD EN (6 occ.);forme anglaise declaree par le graphe lui-meme
ebbde512a8e94218893b1500f2ae5225;Libertarianisme (libertarianism);Concept;Libertarianisme;short-form;haute;;nom canonique v110 prive de sa parenthese;
22cda34c732d4ed389639be2024b5a18;Limite de taille des blocs Bitcoin (1 Mo);Concept;1 Mo;spelling-variant;haute;;glose entre parentheses du nom canonique v110 + assets/MD (10 occ.);
22cda34c732d4ed389639be2024b5a18;Limite de taille des blocs Bitcoin (1 Mo);Concept;Limitation de taille des blocs;spelling-variant;haute;;attribut aliases (v110);
22cda34c732d4ed389639be2024b5a18;Limite de taille des blocs Bitcoin (1 Mo);Concept;Limite de taille des blocs Bitcoin;short-form;haute;;nom canonique v110 prive de sa parenthese;
eccebadfbfc24deb8c5e160e9289f3fa;Logique de consensus distribué;SecondaryConcept;Distributed Consensus Fiduciary Logic;observed-in-source;basse;cae0d43b5b874e0da5b3d0ab2295675c;attribut indigeneLabel (v110) — designation indigene;libelle employe par les acteurs eux-memes — COLLISION EXACTE : nom d'une autre entite v110 (Distributed Consensus Fiduciary Logic / Concept) — doublon FR/EN deja realise dans v110 : meme concept porte par deux fiches — arbitrage auteur requis, cette table n'autorise aucune fusion
499e99e5d8cb4148a5d7a4dfef842c58;Loi crypto / Crypto Law (Zamfir);Concept;Crypto Law;translation-en;haute;;attribut nameEn de l'entite (v110) + assets/MD EN (6 occ.);forme anglaise declaree par le graphe lui-meme
499e99e5d8cb4148a5d7a4dfef842c58;Loi crypto / Crypto Law (Zamfir);Concept;Loi crypto / Crypto Law;short-form;haute;;nom canonique v110 prive de sa parenthese;
9f37583aced248cb96dccdbcf50c0cc8;Loi de Szabo;Concept;Szabo's Law;observed-in-source;haute;;attribut indigeneLabel (v110) — designation indigene + assets/MD (7 occ.);libelle employe par les acteurs eux-memes
992df364d6d64036af1cccea08c8c33e;Loi de Zamfir;Concept;Zamfir's Law;observed-in-source;haute;;attribut indigeneLabel (v110) — designation indigene;libelle employe par les acteurs eux-memes
8d578d2f715f4cd19b995be543776414;Légitimité par l'intention des développeurs (au-delà du protocole);Concept;Légitimité par l'intention des développeurs;short-form;haute;;nom canonique v110 prive de sa parenthese;
ddbbebfc25874995b60e8e94964d6e0e;Master node (nœud maître Dash);Concept;Master node;translation-en;haute;;attribut nameEn de l'entite (v110) + nom canonique v110 prive de sa parenthese;forme anglaise declaree par le graphe lui-meme
f4b9aff00c1976c266295ed020e3c8e2;Mastercoin / Omni Layer;Protocol;Mastercoin;spelling-variant;basse;7b3ff3d2bf564f719978c489f609a4c8;attribut aliases (v110);COLLISION EXACTE : nom d'une autre entite v110 (Mastercoin / ActorNonHuman)
f4b9aff00c1976c266295ed020e3c8e2;Mastercoin / Omni Layer;Protocol;Omni;spelling-variant;haute;;attribut aliases (v110);
f4b9aff00c1976c266295ed020e3c8e2;Mastercoin / Omni Layer;Protocol;Omni Layer;spelling-variant;haute;;attribut aliases (v110);
1a0786075553472a87cdd071f6441538;Maximaliste Bitcoiner;Concept;Bitcoin Maximalist;observed-in-source;haute;;attribut indigeneLabel (v110) — designation indigene + assets/MD (1 occ.);libelle employe par les acteurs eux-memes
9ae9e177f05f4f93ac2fd735d8f67ae2;Meta-protocole (meta-protocol);Concept;Meta-protocol;translation-en;haute;;attribut nameEn de l'entite (v110) + assets/MD EN (1 occ.);forme anglaise declaree par le graphe lui-meme
9ae9e177f05f4f93ac2fd735d8f67ae2;Meta-protocole (meta-protocol);Concept;overlay protocol;translation-en;basse;;attribut nameEn de l'entite (v110);forme anglaise declaree par le graphe lui-meme — ALIAS AMBIGU : designe aussi Métaprotocole / protocole en surcouche — ne jamais resoudre automatiquement sur cette chaine
d642ff3e0fd04625ac7d6c6a95aca5d2;Mineurs Bitcoin;ActorGroup;Bitcoin miners;translation-en;haute;;proposition + assets/MD EN (4 occ.);
0b9cd7376df04357a96268890ae17899;Mixage / CoinJoin (anonymisation UTXO);Concept;Coin mixing;translation-en;haute;;attribut nameEn de l'entite (v110);forme anglaise declaree par le graphe lui-meme
0b9cd7376df04357a96268890ae17899;Mixage / CoinJoin (anonymisation UTXO);Concept;CoinJoin;translation-en;haute;;attribut nameEn de l'entite (v110) + assets/MD EN (1 occ.);forme anglaise declaree par le graphe lui-meme
4e1ab5fc2fa342bca2cfc734f5c36424;Modes de déclenchement des crises (vulnérabilités);Concept;Modes de déclenchement;spelling-variant;haute;;attribut labelFr (v110);
e94facdafe5a431e83e96a6060c5c862;Monnaie;Concept;Money;translation-en;haute;;proposition + assets/MD EN (734 occ.);
6f6b4ab6f46a460797b9a489ff13c9a1;Monnaie numérique;Concept;Digital Currency;translation-en;haute;;attribut nameEn de l'entite (v110) + assets/MD EN (16 occ.);forme anglaise declaree par le graphe lui-meme
d4ad72fbd8704bc59ed788fbe32bb7ad;Monnaie parallele;Concept;Parallel Currency;observed-in-source;haute;;attribut indigeneLabel (v110) — designation indigene;libelle employe par les acteurs eux-memes
1d1b45041cca495ba26776849494903e;Monnaies électroniques de 2e génération;Concept;Second generation e-money;translation-en;haute;;attribut nameEn de l'entite (v110);forme anglaise declaree par le graphe lui-meme
826c32caed754ecfabee8368e4819bff;Monnayage;Concept;Coinage;translation-en;haute;;attribut indigeneLabel (v110) — designation indigene + assets/MD (50 occ.);libelle employe par les acteurs eux-memes
8b02dc202f9841acb6b3213cfc65c5c8;Monstre monetaire;Concept;Monetary Monster;observed-in-source;haute;;attribut indigeneLabel (v110) — designation indigene;libelle employe par les acteurs eux-memes
de6da7fa28334c408e51269ba447a482;Monétisation des cryptomonnaies;CoreConcept;Monnetisation;spelling-variant;haute;;attribut aliases (v110);
7cce18e885084cf5a5e7f48e71fac4d1;Métallisme digital;Concept;Digital Metallism;translation-en;haute;;attribut nameEn de l'entite (v110) + assets/MD EN (7 occ.);forme anglaise declaree par le graphe lui-meme
8bf52a3e00d24a2b96aa4c511163df45;Métaprotocole / protocole en surcouche;Concept;Metaprotocol;translation-en;haute;;attribut nameEn de l'entite (v110) + assets/MD EN (10 occ.);forme anglaise declaree par le graphe lui-meme
8bf52a3e00d24a2b96aa4c511163df45;Métaprotocole / protocole en surcouche;Concept;overlay protocol;translation-en;basse;;attribut nameEn de l'entite (v110);forme anglaise declaree par le graphe lui-meme — ALIAS AMBIGU : designe aussi Meta-protocole (meta-protocol) — ne jamais resoudre automatiquement sur cette chaine
03f93467fc1f4650acdc64167a8ecce4;Narrative 'blockchain sans Bitcoin' (2015);Concept;Narrative 'blockchain sans Bitcoin';short-form;haute;;nom canonique v110 prive de sa parenthese;
ef3943810af1439d8380f4986b125303;Neutralité de la monnaie;Concept;Neutrality of money;translation-en;haute;;proposition + assets/MD EN (2 occ.);
08710506f749476a9effa93b34e2ce7f;New York Agreement (2017);Concept;New York Agreement;translation-en;haute;;attribut nameEn de l'entite (v110) + assets/MD EN (1 occ.) + nom canonique v110 prive de sa parenthese;forme anglaise declaree par le graphe lui-meme
21fff41c8c6142deb3eacf919ae56c9e;No Coiners vs Coiners;Concept;Coiner;observed-in-source;haute;;attribut indigeneLabel (v110) — designation indigene + assets/MD (21 occ.);libelle employe par les acteurs eux-memes
21fff41c8c6142deb3eacf919ae56c9e;No Coiners vs Coiners;Concept;No-Coiner;observed-in-source;haute;;attribut indigeneLabel (v110) — designation indigene;libelle employe par les acteurs eux-memes
ca0f8cf0b9d541ba8eb4c99fa2875c18;Noeuds complets (full nodes);Concept;Full nodes;translation-en;haute;;attribut nameEn de l'entite (v110) + assets/MD EN (16 occ.);forme anglaise declaree par le graphe lui-meme
4977f6c788964274956bb1078d81f2c3;Noeuds legers (SPV);Concept;Lightweight nodes / SPV;translation-en;haute;;attribut nameEn de l'entite (v110);forme anglaise declaree par le graphe lui-meme
4977f6c788964274956bb1078d81f2c3;Noeuds legers (SPV);Concept;Noeuds legers;short-form;haute;;nom canonique v110 prive de sa parenthese;
4977f6c788964274956bb1078d81f2c3;Noeuds legers (SPV);Concept;SPV;spelling-variant;basse;;glose entre parentheses du nom canonique v110 + assets/MD (11 occ.);ALIAS AMBIGU : designe aussi Nœud léger (light node / SPV), Utilisateurs nœuds légers (SPV), Nœuds légers (SPV) — ne jamais resoudre automatiquement sur cette chaine
4977f6c788964274956bb1078d81f2c3;Noeuds legers (SPV);Concept;Simplified Payment Verification;translation-en;haute;;attribut nameEn de l'entite (v110) + assets/MD EN (3 occ.);forme anglaise declaree par le graphe lui-meme
e1ca84f824a94bf8bb9c021a127f34f5;Noeuds mineurs (mining nodes);Concept;Mining nodes;translation-en;haute;;attribut nameEn de l'entite (v110) + assets/MD EN (13 occ.);forme anglaise declaree par le graphe lui-meme
70682067f36b474787924786f541857a;Noyau dur de developpeurs (phase de preuve de concept);Concept;Core devs phase 1;translation-en;haute;;attribut nameEn de l'entite (v110);forme anglaise declaree par le graphe lui-meme
70682067f36b474787924786f541857a;Noyau dur de developpeurs (phase de preuve de concept);Concept;Noyau dur de developpeurs;short-form;haute;;nom canonique v110 prive de sa parenthese;
eb3485078c86401994e17f6164d80fb0;Nœud complet (full node);Concept;Full node;translation-en;basse;;attribut nameEn de l'entite (v110) + assets/MD EN (5 occ.);forme anglaise declaree par le graphe lui-meme — ALIAS AMBIGU : designe aussi Client lourd / client leger (full node / SPV wallet) — ne jamais resoudre automatiquement sur cette chaine
eb3485078c86401994e17f6164d80fb0;Nœud complet (full node);Concept;Nœud complet;short-form;haute;;nom canonique v110 prive de sa parenthese;
eb3485078c86401994e17f6164d80fb0;Nœud complet (full node);Concept;full node;translation-en;haute;;glose entre parentheses du nom canonique v110 + assets/MD (5 occ.);
bd85576d26064a1a8a8b07176399c6f7;Nœud léger (light node / SPV);Concept;Light Node;translation-en;haute;;attribut nameEn de l'entite (v110);forme anglaise declaree par le graphe lui-meme
bd85576d26064a1a8a8b07176399c6f7;Nœud léger (light node / SPV);Concept;Nœud léger;short-form;haute;;nom canonique v110 prive de sa parenthese;
bd85576d26064a1a8a8b07176399c6f7;Nœud léger (light node / SPV);Concept;SPV;translation-en;basse;;attribut nameEn de l'entite (v110) + assets/MD EN (7 occ.);forme anglaise declaree par le graphe lui-meme — ALIAS AMBIGU : designe aussi Noeuds legers (SPV), Utilisateurs nœuds légers (SPV), Nœuds légers (SPV) — ne jamais resoudre automatiquement sur cette chaine
bd2cd2705b874e70b9cae3f1c32fae80;Nœud mineur (mining node);Concept;Mining Node;translation-en;haute;;attribut nameEn de l'entite (v110) + assets/MD EN (4 occ.);forme anglaise declaree par le graphe lui-meme
34cf4660dca146a0a39e28594481c8bb;Objet-frontière (boundary object);Concept;Boundary Objects;spelling-variant;haute;;attribut aliases (v110);
34cf4660dca146a0a39e28594481c8bb;Objet-frontière (boundary object);Concept;Objet-frontière;short-form;haute;;nom canonique v110 prive de sa parenthese;
34cf4660dca146a0a39e28594481c8bb;Objet-frontière (boundary object);Concept;Objets-frontieres;spelling-variant;haute;;attribut aliases (v110);
b3af43b837664bd2946d6b783742ac5b;Observation participante (hors ligne);Method;Observation participante;short-form;haute;;nom canonique v110 prive de sa parenthese;
b3af43b837664bd2946d6b783742ac5b;Observation participante (hors ligne);Method;Participant Observation;translation-en;haute;;attribut nameEn de l'entite (v110) + assets/MD EN (13 occ.);forme anglaise declaree par le graphe lui-meme
4c741e8749314b5e888f93ee5c76677e;Opérateurs de nœuds complets (full nodes);StakeholderCategory;Opérateurs de nœuds complets;short-form;haute;;nom canonique v110 prive de sa parenthese;
4c741e8749314b5e888f93ee5c76677e;Opérateurs de nœuds complets (full nodes);StakeholderCategory;full nodes;spelling-variant;basse;;glose entre parentheses du nom canonique v110 + assets/MD (17 occ.);ALIAS AMBIGU : designe aussi Noeuds complets (full nodes), Utilisateurs (full nodes) — ne jamais resoudre automatiquement sur cette chaine
0da46d5bf0d8461caf763b6ba26a9961;Organisation Autonome Distribuee (DAO);Concept;DAO;acronym;haute;;attribut indigeneLabel (v110) — designation indigene + assets/MD (648 occ.) + glose entre parentheses du nom canonique v110 + assets/MD (648 occ.) + assets/MD (648 occ. en limites de mots);libelle employe par les acteurs eux-memes — forme courte tres ambigue hors contexte : ne jamais resoudre sur ce seul jeton
0da46d5bf0d8461caf763b6ba26a9961;Organisation Autonome Distribuee (DAO);Concept;Decentralized Autonomous Organization;observed-in-source;haute;;attribut indigeneLabel (v110) — designation indigene + assets/MD (5 occ.);libelle employe par les acteurs eux-memes
0da46d5bf0d8461caf763b6ba26a9961;Organisation Autonome Distribuee (DAO);Concept;Organisation Autonome Distribuee;short-form;haute;;nom canonique v110 prive de sa parenthese;
2bf8bd49f8aa4757a866a0fe9e945dd7;Ossification du protocole Bitcoin;Concept;Protocol ossification;translation-en;haute;;attribut nameEn de l'entite (v110);forme anglaise declaree par le graphe lui-meme
8db86c8e880e4e6a96bfc5d05fb1fd50;Passager clandestin (free rider) dans les métaprotocoles;Concept;Free rider;translation-en;haute;;attribut nameEn de l'entite (v110);forme anglaise declaree par le graphe lui-meme
c9c3add85b2d40e2afd5194688e12fb3;Passerelle / Gateway;Concept;Passerelle;spelling-variant;haute;;attribut aliases (v110);
05cf2ce325b24b63aae5a257f524a2aa;Perte de souveraineté du hasher (pools de minage);Concept;Perte de souveraineté du hasher;short-form;haute;;nom canonique v110 prive de sa parenthese;
05cf2ce325b24b63aae5a257f524a2aa;Perte de souveraineté du hasher (pools de minage);Concept;pools de minage;spelling-variant;basse;5f7f718bd6284d718669ffc28e7cc18e;glose entre parentheses du nom canonique v110 + assets/MD (7 occ.);COLLISION NORMALISEE (casse/accents) avec Pools de minage
eed0b89cd2e740718059c16591f9bfb7;Phase de maturation;DevelopmentPhase;Maturation phase;translation-en;haute;;proposition + assets/MD EN (4 occ.);
6414d87541f941a0b428c536ce72e032;Phase de preuve de concept;DevelopmentPhase;Proof-of-concept phase;translation-en;haute;;proposition + assets/MD EN (1 occ.);
019689c1ce06489a84768c51637eb9ed;Phase de péché;DevelopmentPhase;Sin phase;translation-en;basse;;proposition + assets/MD EN (1 occ.);
06099088d8e14f7c8596a4f9fc8d3193;Politique de crise;Concept;Politique de crises;spelling-variant;haute;;attribut aliases (v110);
4a05617467244587823b1aad93f05e11;Polycentricité comme dynamique d’arènes et de légitimités;Argument;Polycentricity as dynamics of arenas and legitimation;translation-en;haute;;attribut labelEn de l'entite (v110);forme anglaise declaree par le graphe lui-meme
5f7f718bd6284d718669ffc28e7cc18e;Pools de minage;ActorGroup;Mining pools;translation-en;basse;ee7277478ddc4c0886e8d73a4e2ce00d;proposition + assets/MD EN (8 occ.);COLLISION EXACTE : nom d'une autre entite v110 (Mining pools / InfrastructureEvent) — meme referent sous deux types differents (ActorGroup vs InfrastructureEvent) — anomalie de typage, pas une fusion evidente — arbitrage auteur requis, cette table n'autorise aucune fusion
1d59213c63a94764b97781963305b81d;Portefeuille custodial (off chain);Concept;Portefeuille custodial;short-form;basse;0a0bc9a2601f438ea2a367641eb12942;nom canonique v110 prive de sa parenthese;COLLISION EXACTE : nom d'une autre entite v110 (Portefeuille custodial / Concept)
1d59213c63a94764b97781963305b81d;Portefeuille custodial (off chain);Concept;off chain;spelling-variant;haute;;glose entre parentheses du nom canonique v110 + assets/MD (58 occ.);
ee582934056343ae884c5c842aba2840;Premine (pré-émission monétaire);Concept;Premine;translation-en;haute;;attribut nameEn de l'entite (v110) + assets/MD EN (4 occ.) + nom canonique v110 prive de sa parenthese;forme anglaise declaree par le graphe lui-meme
8a5f85d939d240f1b246c65f3de6194c;Processeurs de paiement (payment processors);StakeholderCategory;Processeurs de paiement;short-form;basse;3462bec91fc14f18bac9aff4e1d4c4ef;nom canonique v110 prive de sa parenthese;COLLISION EXACTE : nom d'une autre entite v110 (Processeurs de paiement / InfrastructureSegment)
5bd551ea907241fcbb89a63f2b580d78;Proof of Stake (PoS);Concept;PoS;acronym;haute;;attribut indigeneLabel (v110) — designation indigene + assets/MD (36 occ.) + assets/MD (36 occ. en limites de mots);libelle employe par les acteurs eux-memes — forme courte tres ambigue hors contexte : ne jamais resoudre sur ce seul jeton
5bd551ea907241fcbb89a63f2b580d78;Proof of Stake (PoS);Concept;Proof of Stake;short-form;haute;;nom canonique v110 prive de sa parenthese;
5bd551ea907241fcbb89a63f2b580d78;Proof of Stake (PoS);Concept;Staking;observed-in-source;haute;;attribut indigeneLabel (v110) — designation indigene + assets/MD (2 occ.);libelle employe par les acteurs eux-memes
f3e7754db9ee4502ae4180e36200ade1;Proof of Work (PoW);Concept;Mining;observed-in-source;haute;;attribut indigeneLabel (v110) — designation indigene + assets/MD (142 occ.);libelle employe par les acteurs eux-memes
f3e7754db9ee4502ae4180e36200ade1;Proof of Work (PoW);Concept;PoW;acronym;haute;;attribut indigeneLabel (v110) — designation indigene + assets/MD (202 occ.) + assets/MD (202 occ. en limites de mots);libelle employe par les acteurs eux-memes — forme courte tres ambigue hors contexte : ne jamais resoudre sur ce seul jeton
f3e7754db9ee4502ae4180e36200ade1;Proof of Work (PoW);Concept;Proof of Work;short-form;haute;;nom canonique v110 prive de sa parenthese;
b8fbacf5839546a59b1d15bf1b574b51;Prophétie auto-réalisatrice (monétaire);Concept;Prophétie auto-réalisatrice;short-form;haute;;nom canonique v110 prive de sa parenthese;
b8fbacf5839546a59b1d15bf1b574b51;Prophétie auto-réalisatrice (monétaire);Concept;Self-fulfilling prophecy;translation-en;haute;;attribut nameEn de l'entite (v110) + assets/MD EN (1 occ.);forme anglaise declaree par le graphe lui-meme
c5e86cf5eb2c468e9991b9f7e3604094;Protocole de surcouche / Layer 2;Concept;Layer 2;translation-en;haute;;attribut nameEn de l'entite (v110) + assets/MD EN (3 occ.);forme anglaise declaree par le graphe lui-meme
3b17f5b612b54376963e5aa7fe13fff8;Protocole et couche de base;InfrastructureDomain;Protocol and base layer;translation-en;moyenne;;proposition;traduction proposee, absente du graphe
dfc60a0057714d94a954d125005fea4e;Pseudonymat (pseudonymity);Concept;Pseudonymat;short-form;haute;;nom canonique v110 prive de sa parenthese;
dfc60a0057714d94a954d125005fea4e;Pseudonymat (pseudonymity);Concept;Pseudonymity;translation-en;haute;;attribut nameEn de l'entite (v110) + assets/MD EN (5 occ.);forme anglaise declaree par le graphe lui-meme
dd95bfa1b4164abd80472c249222f476;Rationnement de l'offre de traitement des transactions;Concept;Supply rationing of block space;translation-en;haute;;attribut nameEn de l'entite (v110);forme anglaise declaree par le graphe lui-meme
47fbf3a04816446f93ba8ef03ecd4307;Recherche archivistique;Method;Archival Research;translation-en;haute;;attribut nameEn de l'entite (v110);forme anglaise declaree par le graphe lui-meme
47fbf3a04816446f93ba8ef03ecd4307;Recherche archivistique;Method;Documentary Research;translation-en;haute;;attribut nameEn de l'entite (v110) + assets/MD EN (11 occ.);forme anglaise declaree par le graphe lui-meme
4a401c802f5e46db936f983355e89f0c;Regime transactionnel (transactional regime);Concept;Transactional regime;translation-en;haute;;attribut nameEn de l'entite (v110) + assets/MD EN (2 occ.);forme anglaise declaree par le graphe lui-meme
747ac07dc8f8433ca4638f1b30998576;Resistance a la censure;Concept;Résistance à la censure;spelling-variant;haute;;attribut aliases (v110);
747ac07dc8f8433ca4638f1b30998576;Resistance a la censure;Concept;censorship resistance;spelling-variant;haute;;attribut aliases (v110);
615f6147214c43ab830a98ca866779c3;Règle comme cristallisation normative située;Argument;Rule as situated normative crystallisation;translation-en;haute;;attribut labelEn de l'entite (v110);forme anglaise declaree par le graphe lui-meme
0c0929e6ef0140ad855052b0dd078f00;Règle contre discrétion (Rules vs Discretion);Concept;Regle contre discretion;spelling-variant;haute;;attribut aliases (v110);
0c0929e6ef0140ad855052b0dd078f00;Règle contre discrétion (Rules vs Discretion);Concept;Rules vs Discretion;translation-en;haute;;attribut nameEn de l'entite (v110);forme anglaise declaree par le graphe lui-meme
0c0929e6ef0140ad855052b0dd078f00;Règle contre discrétion (Rules vs Discretion);Concept;Règle contre discrétion;short-form;haute;;nom canonique v110 prive de sa parenthese;
0c0929e6ef0140ad855052b0dd078f00;Règle contre discrétion (Rules vs Discretion);Concept;Règle contre la discrétion;spelling-variant;haute;;attribut aliases (v110);
38560b44059a45bb8fd3a46cae2ff34c;Récompense d'émission monétaire (block reward);Concept;Block reward;translation-en;haute;;attribut nameEn de l'entite (v110) + assets/MD EN (3 occ.);forme anglaise declaree par le graphe lui-meme
38560b44059a45bb8fd3a46cae2ff34c;Récompense d'émission monétaire (block reward);Concept;coinbase reward;translation-en;haute;;attribut nameEn de l'entite (v110) + assets/MD EN (2 occ.);forme anglaise declaree par le graphe lui-meme
5d696ac4f7aa4645baa0e5f88e2b190d;Régulations transactionnelles;Concept;Transactional regulations;translation-en;haute;;attribut nameEn de l'entite (v110) + assets/MD EN (7 occ.);forme anglaise declaree par le graphe lui-meme
a53b18d59a6c4ab18a407fd8fdced0c8;Réintermédiation;Concept;Reintermediation;translation-en;haute;;proposition + assets/MD EN (9 occ.);
d9179704d39747c3995e6eddc21df3c7;SHA-256 (algorithme de hashage Bitcoin);Concept;SHA-256;short-form;haute;;nom canonique v110 prive de sa parenthese;
f77fee10399c40a89d321ea884a70b79;Saturation des capacités de traitement de Bitcoin (2017);Concept;Saturation des capacités de traitement de Bitcoin;short-form;haute;;nom canonique v110 prive de sa parenthese;
238900a65cec44bcad171c31850bc611;Scaling Debate (2015-2017);GovernanceConflict;Scaling Debate;short-form;basse;22c507bdaa874229b5a4a145e23d123c;nom canonique v110 prive de sa parenthese;COLLISION EXACTE : nom d'une autre entite v110 (Scaling Debate / CrisisEvent)
df9265f551724ef2bff38c73f591f24f;Scission de chaine (Chain Split);Concept;Chain Split;observed-in-source;haute;;attribut indigeneLabel (v110) — designation indigene + assets/MD (19 occ.) + glose entre parentheses du nom canonique v110 + assets/MD (19 occ.);libelle employe par les acteurs eux-memes
68ffd2ccea7a4469ba1b46cd11ee22f7;Scrypt (algorithme PoW Litecoin);Concept;PoW algorithm;translation-en;basse;;attribut nameEn de l'entite (v110) + assets/MD EN (4 occ.);forme anglaise declaree par le graphe lui-meme — ALIAS AMBIGU : designe aussi X11 (algorithme PoW Dash) — ne jamais resoudre automatiquement sur cette chaine
68ffd2ccea7a4469ba1b46cd11ee22f7;Scrypt (algorithme PoW Litecoin);Concept;Scrypt;translation-en;haute;;attribut nameEn de l'entite (v110) + assets/MD EN (1 occ.) + nom canonique v110 prive de sa parenthese;forme anglaise declaree par le graphe lui-meme
4d42089eb94c47a483359aab9530bbe3;SegWit (Segregated Witness);Concept;SegWit;acronym;haute;;nom canonique v110 prive de sa parenthese + assets/MD (24 occ. en limites de mots);forme courte tres ambigue hors contexte : ne jamais resoudre sur ce seul jeton
4d42089eb94c47a483359aab9530bbe3;SegWit (Segregated Witness);Concept;Segregated Witness;translation-en;haute;;attribut nameEn de l'entite (v110) + assets/MD EN (1 occ.) + glose entre parentheses du nom canonique v110 + assets/MD (2 occ.);forme anglaise declaree par le graphe lui-meme
55b5215088664257819b56a918ec67fd;Services de portefeuille et de paiement;InfrastructureDomain;Wallet and payment services;translation-en;haute;;proposition + assets/MD EN (1 occ.);
ed76fa7b8f0f4bff8201cb8223c1e09d;Shitcoin / Scamcoin (appellation indigène);Concept;Shitcoin;translation-en;haute;;attribut nameEn de l'entite (v110);forme anglaise declaree par le graphe lui-meme
ed76fa7b8f0f4bff8201cb8223c1e09d;Shitcoin / Scamcoin (appellation indigène);Concept;Shitcoin / Scamcoin;short-form;haute;;nom canonique v110 prive de sa parenthese;
ed76fa7b8f0f4bff8201cb8223c1e09d;Shitcoin / Scamcoin (appellation indigène);Concept;scamcoin;translation-en;haute;;attribut nameEn de l'entite (v110);forme anglaise declaree par le graphe lui-meme
a3d6a2783fae4c3bbf83f5e810cf085c;Sidechain (chaîne secondaire);Concept;Sidechain;translation-en;haute;;attribut nameEn de l'entite (v110) + assets/MD EN (1 occ.) + nom canonique v110 prive de sa parenthese;forme anglaise declaree par le graphe lui-meme
9be50de248b1465cbf2e7ac9a2a5e1ac;Sociologisme;Concept;Sociologism;observed-in-source;haute;;attribut indigeneLabel (v110) — designation indigene + assets/MD (5 occ.);libelle employe par les acteurs eux-memes
af85409fa95f43adb9fc7ece46ed4b15;Sociology of Science & Technology (STS);TheoreticFramework;STS;acronym;haute;;glose entre parentheses du nom canonique v110 + assets/MD (24 occ.) + patch SourceQuote (phase1, statut=fuzzy-only, x2) + assets/MD (24 occ. en limites de mots);faux negatif du resolveur : nom employe par un patch reel, non resolu contre v110 — forme courte tres ambigue hors contexte : ne jamais resoudre sur ce seul jeton
af85409fa95f43adb9fc7ece46ed4b15;Sociology of Science & Technology (STS);TheoreticFramework;Sociology of Science & Technology;short-form;haute;;nom canonique v110 prive de sa parenthese;
dafa7054bc5a450ca3f248090113e732;Son Money / Monnaie saine;Concept;Sound Money;observed-in-source;haute;;attribut indigeneLabel (v110) — designation indigene + assets/MD (16 occ.);libelle employe par les acteurs eux-memes
a4d612b858fb481fb373ccea31aee98a;Souverainete communautaire;Concept;Community Sovereignty;translation-en;haute;;attribut indigeneLabel (v110) — designation indigene + assets/MD (1 occ.);libelle employe par les acteurs eux-memes
f018e4490ac24705a1017203d60a97d1;Souverainete monetaire;Concept;Monetary Sovereignty;translation-en;haute;;attribut indigeneLabel (v110) — designation indigene + assets/MD (4 occ.);libelle employe par les acteurs eux-memes
95c11988d59b4616a27d234bea478ad3;Souveraineté individuelle (Bitcoin);Concept;Individual sovereignty;translation-en;haute;;attribut nameEn de l'entite (v110) + assets/MD EN (8 occ.);forme anglaise declaree par le graphe lui-meme
95c11988d59b4616a27d234bea478ad3;Souveraineté individuelle (Bitcoin);Concept;Souveraineté individuelle;short-form;haute;;nom canonique v110 prive de sa parenthese;
95c11988d59b4616a27d234bea478ad3;Souveraineté individuelle (Bitcoin);Concept;self-custody;translation-en;haute;;attribut nameEn de l'entite (v110);forme anglaise declaree par le graphe lui-meme
01026b1b57374b52958ba35d70400a10;Spam transactionnel (transaction spam);Concept;Transaction spam;translation-en;haute;;attribut nameEn de l'entite (v110);forme anglaise declaree par le graphe lui-meme
d47c813a4d0c424cb80422ff6e6109f9;Sphère d’usage;InfrastructureDomain;Sphere of use;translation-en;haute;;proposition + assets/MD EN (2 occ.);
9c0607981e304202945b2d06b5ca6863;Stratégie 'construire sur' vs 'construire à côté' de Bitcoin;Concept;Build on vs build beside Bitcoin;translation-en;haute;;attribut nameEn de l'entite (v110);forme anglaise declaree par le graphe lui-meme
a25fc6eb5f3549a69f4ce17d6969ee01;Technologisme;Concept;Technological Determinism;observed-in-source;haute;;attribut indigeneLabel (v110) — designation indigene;libelle employe par les acteurs eux-memes
ad524a773a994df59d4c229ab8c5c18a;Tension règle/discrétion (frontière instable);NarrativeCluster;Rule/discretion tension;translation-en;haute;;attribut labelEn de l'entite (v110);forme anglaise declaree par le graphe lui-meme
ad524a773a994df59d4c229ab8c5c18a;Tension règle/discrétion (frontière instable);NarrativeCluster;Tension règle/discrétion;spelling-variant;haute;;attribut labelFr (v110) + nom canonique v110 prive de sa parenthese;
8cb4dc3c7aeb415dbfd3339c9ac43ca7;The Denationalization of Money (Hayek 1976);Concept;The Denationalization of Money;translation-en;haute;;attribut nameEn de l'entite (v110) + assets/MD EN (1 occ.) + nom canonique v110 prive de sa parenthese;forme anglaise declaree par le graphe lui-meme
a4bbdf3c65394e31bcbb33cc00c64303;Thèse centrale (infrastructures, crises, gouvernance polycentrique);Argument;Central thesis;translation-en;haute;;attribut labelEn de l'entite (v110) + assets/MD EN (1 occ.);forme anglaise declaree par le graphe lui-meme
a4bbdf3c65394e31bcbb33cc00c64303;Thèse centrale (infrastructures, crises, gouvernance polycentrique);Argument;Thèse centrale;spelling-variant;haute;;attribut labelFr (v110) + nom canonique v110 prive de sa parenthese;
f47469e28b2643ed8644122475d1fb95;Théorie du free banking;TheoreticFramework;Free Banking Theory;translation-en;haute;;attribut nameEn de l'entite (v110);forme anglaise declaree par le graphe lui-meme
53771b149f174f46b011e1edc0414485;Token / jeton numérique;Concept;Token;translation-en;haute;;attribut nameEn de l'entite (v110) + assets/MD EN (26 occ.);forme anglaise declaree par le graphe lui-meme
53771b149f174f46b011e1edc0414485;Token / jeton numérique;Concept;digital asset;translation-en;haute;;attribut nameEn de l'entite (v110) + assets/MD EN (7 occ.);forme anglaise declaree par le graphe lui-meme
f5d93ab12e8f4accb9280b030089f048;Trace GitHub;Method;GitHub Trace;translation-en;haute;;attribut nameEn de l'entite (v110);forme anglaise declaree par le graphe lui-meme
8fc8b0d7aa1a4510acea6831021bb4ac;Traitement des transactions;Concept|InfrastructureDomain;Transaction processing;translation-en;haute;;proposition + assets/MD EN (36 occ.);
10d9492a847049979cf9f441e56d41f4;Trilemme des blockchains;Concept;Blockchain Trilemma;translation-en;haute;;attribut indigeneLabel (v110) — designation indigene + assets/MD (3 occ.);libelle employe par les acteurs eux-memes
12a350af254945d3a1342c43e53961fc;Trois etats de la monnaie;Concept;Three states of money;translation-en;haute;;proposition;traduction proposee, absente du graphe
455a1b658d1e41abbf2c34f6a56b676a;Turn-over des implémentations Ethereum (fragilité de l'écosystème client);Concept;Turn-over des implémentations Ethereum;short-form;haute;;nom canonique v110 prive de sa parenthese;
c2ff5cd25ad54dfc94da9a01f67d0bf8;UASF (User Activated Soft Fork);Concept;UASF;acronym;haute;;nom canonique v110 prive de sa parenthese + assets/MD (6 occ. en limites de mots);forme courte tres ambigue hors contexte : ne jamais resoudre sur ce seul jeton
c2ff5cd25ad54dfc94da9a01f67d0bf8;UASF (User Activated Soft Fork);Concept;User Activated Soft Fork;translation-en;haute;;attribut nameEn de l'entite (v110) + assets/MD EN (1 occ.) + glose entre parentheses du nom canonique v110 + assets/MD (2 occ.);forme anglaise declaree par le graphe lui-meme
8c869199825557872b51a5ca1745d4b8;Universaux monétaires;Concept;Monetary universals;translation-en;haute;;proposition + assets/MD EN (2 occ.);
a21c66b68274423bb40731a57c4403b7;Valeur refuge (safe haven asset);Concept;Safe haven asset;translation-en;haute;;attribut nameEn de l'entite (v110);forme anglaise declaree par le graphe lui-meme
3a486f75b5d449c1a903e3019afb82e5;Vision 'or numérique' de Bitcoin (store of value);Concept;Vision 'or numérique' de Bitcoin;short-form;haute;;nom canonique v110 prive de sa parenthese;
3a486f75b5d449c1a903e3019afb82e5;Vision 'or numérique' de Bitcoin (store of value);Concept;store of value;spelling-variant;haute;;glose entre parentheses du nom canonique v110 + assets/MD (24 occ.);
13989b28210b4313a20754a322f64cdb;Vision 'système de paiement' de Bitcoin (peer-to-peer cash);Concept;Vision 'système de paiement' de Bitcoin;short-form;haute;;nom canonique v110 prive de sa parenthese;
e641bd05a189425983b5a4197425e585;Vitesse de liberation / escape velocity (Bitcoin);Concept;Escape velocity;translation-en;haute;;attribut nameEn de l'entite (v110) + assets/MD EN (2 occ.);forme anglaise declaree par le graphe lui-meme
e641bd05a189425983b5a4197425e585;Vitesse de liberation / escape velocity (Bitcoin);Concept;Vitesse de liberation / escape velocity;short-form;haute;;nom canonique v110 prive de sa parenthese;
dbaa2fa2fe86491990df355f8996bc03;Volume de trading crypto (explosion 2017-2021);Concept;Volume de trading crypto;short-form;haute;;nom canonique v110 prive de sa parenthese;
f4ff53b0291b42f099dc195a63878557;Whitehat Group (DAO crisis);ActorGroup;Whitehat Group;short-form;haute;;nom canonique v110 prive de sa parenthese;
11f801cf039a4654a515ced9ab738368;X11 (algorithme PoW Dash);Concept;PoW algorithm;translation-en;basse;;attribut nameEn de l'entite (v110) + assets/MD EN (4 occ.);forme anglaise declaree par le graphe lui-meme — ALIAS AMBIGU : designe aussi Scrypt (algorithme PoW Litecoin) — ne jamais resoudre automatiquement sur cette chaine
11f801cf039a4654a515ced9ab738368;X11 (algorithme PoW Dash);Concept;X11;translation-en;haute;;attribut nameEn de l'entite (v110) + assets/MD EN (1 occ.) + nom canonique v110 prive de sa parenthese;forme anglaise declaree par le graphe lui-meme
bed4df005c7ce36030703bd68cb521d1;cryptomonnaie;Concept;CM;acronym;haute;;assets/MD (1205 occ. en limites de mots);forme courte tres ambigue hors contexte : ne jamais resoudre sur ce seul jeton
bed4df005c7ce36030703bd68cb521d1;cryptomonnaie;Concept;Cryptocurrency;translation-en;haute;;proposition + assets/MD EN (101 occ.);
bed4df005c7ce36030703bd68cb521d1;cryptomonnaie;Concept;Cryptomonnaie;spelling-variant;haute;;patch SourceQuote (phase1, statut=unique, x1);faux negatif du resolveur : nom employe par un patch reel, non resolu contre v110
bed4df005c7ce36030703bd68cb521d1;cryptomonnaie;Concept;Cryptomonnaie (CM);spelling-variant;haute;;patch SourceQuote (phase2/phase3, statut=fuzzy-only, x5);faux negatif du resolveur : nom employe par un patch reel, non resolu contre v110
fb8e46a99f5e4b78892abed80d4c3cbd;Être sa propre banque (be your own bank);Concept;Be your own bank;translation-en;haute;;attribut nameEn de l'entite (v110) + assets/MD EN (3 occ.);forme anglaise declaree par le graphe lui-meme
