entity_id;entity_label;champ_vise;valeur_actuelle;valeur_proposee;preuve_ligne;preuve_verbatim;verdict;confidence;risque_identifie;decision_needed;note_de_lecture
7f0f9cc4c27040a78115b0294fd9bfe1;Favier 2021 — Bitcoin et la religion (La voie du Bitcoin);name;Favier 2021 — Bitcoin et la religion (La voie du Bitcoin);Favier 2021 — Bitcoin et la religion (podcast Parlons Bitcoin);assets/MD/07_bibliographie.md:472;FAVIER Jacques, 2021, « Le Bitcoin, la religion du XXIe siècle née des mathématiques;a corriger;forte;"aucun sur l identite de l oeuvre ; le risque porte sur la FORME exacte du libelle, qui reste a arbitrer";corriger le nom ? et sous quelle forme ? (arbitrages 1 et 2);":472 est l UNIQUE entree Favier 2021 de la bibliographie ; le titre et l URL (« bitcoin-et-religion ») concordent avec le libelle ; le chapitre I cite deux fois « (Favier 2021) ». Seul le SUPPORT est faux : « La voie du Bitcoin » appartient a :474."
7f0f9cc4c27040a78115b0294fd9bfe1;Favier 2021 — Bitcoin et la religion (La voie du Bitcoin);nameEn;;;;;sans objet — champ absent;sans objet;;aucune;la fiche ne porte AUCUN attribut : ni title, ni year, ni label, ni alias. Son seul appui nommant est `name` — c est aussi pourquoi la correction ne peut porter que sur lui.
7f0f9cc4c27040a78115b0294fd9bfe1;Favier 2021 — Bitcoin et la religion (La voie du Bitcoin);labelFr;;;;;sans objet — champ absent;sans objet;;aucune;la fiche ne porte AUCUN attribut : ni title, ni year, ni label, ni alias. Son seul appui nommant est `name` — c est aussi pourquoi la correction ne peut porter que sur lui.
7f0f9cc4c27040a78115b0294fd9bfe1;Favier 2021 — Bitcoin et la religion (La voie du Bitcoin);labelEn;;;;;sans objet — champ absent;sans objet;;aucune;la fiche ne porte AUCUN attribut : ni title, ni year, ni label, ni alias. Son seul appui nommant est `name` — c est aussi pourquoi la correction ne peut porter que sur lui.
7f0f9cc4c27040a78115b0294fd9bfe1;Favier 2021 — Bitcoin et la religion (La voie du Bitcoin);aliases;;;;;sans objet — champ absent;sans objet;;aucune;la fiche ne porte AUCUN attribut : ni title, ni year, ni label, ni alias. Son seul appui nommant est `name` — c est aussi pourquoi la correction ne peut porter que sur lui.
7f0f9cc4c27040a78115b0294fd9bfe1;Favier 2021 — Bitcoin et la religion (La voie du Bitcoin);title;;;;;sans objet — champ absent;sans objet;;aucune;la fiche ne porte AUCUN attribut : ni title, ni year, ni label, ni alias. Son seul appui nommant est `name` — c est aussi pourquoi la correction ne peut porter que sur lui.
b84f59ace9b6403c88067c46af4c7582;Favier 2017 — Tulipes (blog La voie du Bitcoin);name + title (temoin);"name='Favier 2017 — Tulipes (blog La voie du Bitcoin)' ; title='Tulipes (blog La voie du Bitcoin)'";;assets/MD/07_bibliographie.md:474;FAVIER Jacques, 2017, « Tulipes », http://blog.lavoiedubitcoin.info/post/Tulipes;NE PAS TOUCHER — correct;forte;"c est ici que « La voie du Bitcoin » est JUSTE ; le corriger des deux cotes detruirait l information au lieu de la reparer";aucune;temoin de non-inversion : l editeur est porte par cette fiche jusque dans son attribut `title`, et l entree :474 donne bien blog.lavoiedubitcoin.info.
7f0f9cc4c27040a78115b0294fd9bfe1;Favier 2021 — Bitcoin et la religion (La voie du Bitcoin);section_entities_map.json → entity_name;19 ligne(s) portant le libelle actuel;19 ligne(s) a regenerer si le nom change;section_entities_map.json;;collateral — a regenerer dans le meme lot;forte;AUCUN controle du depot ne detecte la desynchronisation : verifie en renommant dans le graphe seul, check_anchoring, build_anchor_weights --check et check_graph_integrity restent VERTS. La carte garderait le libelle faux en silence.;inclure la regeneration des cartes au lot ? (arbitrage 3);build_anchor_weights lit `noms.get(eid) or ent.get('entity_name')` : il PREFERE le graphe et se rabat sur la carte. L outillage ne serait donc pas trompe — mais un lecteur humain, si.
7f0f9cc4c27040a78115b0294fd9bfe1;Favier 2021 — Bitcoin et la religion (La voie du Bitcoin);entity_section_map.json → entity_name;1 ligne(s) portant le libelle actuel;1 ligne(s) a regenerer si le nom change;entity_section_map.json;;collateral — a regenerer dans le meme lot;forte;AUCUN controle du depot ne detecte la desynchronisation : verifie en renommant dans le graphe seul, check_anchoring, build_anchor_weights --check et check_graph_integrity restent VERTS. La carte garderait le libelle faux en silence.;inclure la regeneration des cartes au lot ? (arbitrage 3);build_anchor_weights lit `noms.get(eid) or ent.get('entity_name')` : il PREFERE le graphe et se rabat sur la carte. L outillage ne serait donc pas trompe — mais un lecteur humain, si.
