decision;cle_actuelle;cle_cible;contenu;types;id;nom_graphe;motif
RENUMEROTER;II.3.3;II.3.2;203;ThesisSection;7b3312fed875cffb74320f0a579763c7;II.3.3 — Les CM réactivent un débat monétaire ancien : conflit autour de la « bonne » gouvernance;libelle apparie au titre l.331 (niveau 2)
RENUMEROTER;III.2.3;III.2.1;168;ThesisSection;da7e8dda9cacdb8cddfbab73bb6ecd0b;III.2.3 — Des acteurs au cœur de la gouvernance sur le protocole : gouvernance de huis clos;libelle apparie au titre l.261 (niveau 2)
ARBITRER;I.4;;280;ThesisSection;3268b571c4ce4389bf99a35c93ed287b;I.4 Conclusion du Chapitre I;aucun titre correspondant, mais 280 entites attachees
ARBITRER;II.1.1;;411;ThesisSection;f07c8415a468b6c900bd14b3cefa24fb;II.1.1 — Critiques instrumentales fondées sur les fonctions monétaires canoniques;aucun titre correspondant, mais 411 entites attachees
ARBITRER;II.1.2;;405;ThesisSection;eda05ae2f601e62bf53294a2be373d2a;II.1.2 — La monnaie « créature de l'État » : critiques nominalistes et chartalistes;aucun titre correspondant, mais 405 entites attachees
ARBITRER;II.2.3;;465;ThesisSection;0b521ac19a2f5ee0cdd07d7460ebdfd0;II.2.3 — La monnaie à l'épreuve : dettes, confiance et souveraineté;aucun titre correspondant, mais 465 entites attachees
ARBITRER;II.4;;225;ThesisSection;53461143c45d4413af3d6be003a34f27;II.4 Conclusion du Chapitre II;libelle appariable a 2 titres : l.453, l.449
ARBITRER;III.3.4;;145;ThesisSection;83985da6c275abd60faf4dbe9f08f332;III.3.4 — « Fork You ?! » : scission surprise fondatrice et ses enseignements;aucun titre correspondant, mais 145 entites attachees
ARBITRER;III.4;;248;ThesisSection;486a5848fb304465a19d3a28bafcb603;III.4 Conclusion du Chapitre III;libelle appariable a 3 titres : l.453, l.449, l.751
ARBITRER;conclu_boucs;;356;ThesisSection;d9f534f9f849a3c54eac31746ed11222;Conclusion — Les CM : boucs émissaires d'un système monétaire en crise ?;aucun titre correspondant, mais 356 entites attachees
ARBITRER;conclu_theo_mon;;438;ThesisSection;b5386fe92a5b4cac94888ffc298469bf;B. Les CM, comme “en plus” dans la théorie monétaire et l’analyse des systèmes monétaires;aucun titre correspondant, mais 438 entites attachees
ARBITRER;conclu_traduction;;341;ThesisSection;11fe6aacd1c440bdb795f073d9572b34;C. Le travail de traduction : prolongements pour les acteurs;aucun titre correspondant, mais 341 entites attachees
ARBITRER;intro_A;;543;ThesisSection;0fcc7028560c47cc9b82309f469b700c;A. La gouvernance des cryptomonnaies : construction de notre objet de recherche;aucun titre correspondant, mais 543 entites attachees
ARBITRER;intro_E;;260;ThesisSection;280a842a11bd4101b743f6527821c04e;E. Déclaration d'intérêts;aucun titre correspondant, mais 260 entites attachees
RETROGRADER;;;0;ThesisSection;3ce505bcd3e74def8b78094b4cc06b6e;I.2.1b Un protocole Bitcoin qui s'adapte : des régulations transactionnelles très politiques;libelle apparie a un titre de niveau 3 (l.321) — sous le niveau canonique
RETROGRADER;I.1.1.a;;353;ThesisSection;4ec3224a44f06315d26d3cac111e5efc;I.1.1.a Une monnaie frappée au coin de philosophies politiques et d'expériences pratiques;libelle apparie a un titre de niveau 3 (l.111) — sous le niveau canonique
RETROGRADER;I.1.1.b;;39;ThesisSection;439782308b5dedb9c5da7022bc2b82ef;I.1.1.b Une création hétérodoxe, entre recherche académique et recherche appliquée;libelle apparie a un titre de niveau 3 (l.125) — sous le niveau canonique
RETROGRADER;I.2.2.b;;177;ThesisSection;97eb62676b0052c4ab3652fc2bd15535;I.2.2.b Un protocole Bitcoin qui s'adapte : des régulations transactionnelles très politiques;libelle apparie a un titre de niveau 3 (l.321) — sous le niveau canonique
RETROGRADER;II.2.1;;318;ThesisSection;f8a8acbfa05a53c07498346df21f6808;II.2.1 — Au-delà de la monnaie, l'argent : questionner la monétisation à l'aune des usages;libelle apparie a un titre de niveau 3 (l.221) — sous le niveau canonique
RETROGRADER;II.2.2;;306;ThesisSection;f34ad8e32d22d905708d07fc6f0e8150;II.2.2 — La monnaie comme système de paiement : monétisation et liquidité de dettes hétérogènes;libelle apparie a un titre de niveau 3 (l.229) — sous le niveau canonique
RETROGRADER;II.3.1;;27;ThesisSection;515088f012136277d7375fa65d7a3e3f;II.3.1 — Du concept de gouvernance et de sa polysémie : un concept normatif;libelle apparie a un titre de niveau 3 (l.313) — sous le niveau canonique
RETROGRADER;II.3.2;;66;ThesisSection;d93cb2ceee6dea674fecc4f44d113643;II.3.2 — Retournement positif du concept : réintégrer le pouvoir et la politique;libelle apparie a un titre de niveau 3 (l.319) — sous le niveau canonique
RETROGRADER;III.1.1;;356;ThesisSection;ac859fd14006e379e55373d31090b6c6;III.1.1 — Présentation périodisée : une mise en crise longue et silencieuse (CVE 2018);libelle apparie a un titre de niveau 3 (l.53) — sous le niveau canonique
RETROGRADER;III.1.2;;238;ThesisSection;0420e53c4c8fd12fef6dcee451a50f61;III.1.2 — Une remise en ordre rapide (CVE 2018);libelle apparie a un titre de niveau 3 (l.105) — sous le niveau canonique
RETROGRADER;III.2.1;;194;ThesisSection;9fbdbbc3f81ee08fb89b5c5dfbcd2929;III.2.1 — De la diversité des crises aux crises protocolaires des CM;libelle apparie a un titre de niveau 3 (l.161) — sous le niveau canonique
RETROGRADER;III.2.2;;17;ThesisSection;5a82e90b2cc17baf91baa9102bd48034;III.2.2 — Enjeux des crises Bitcoin : labélisations indigènes et exemples historiques;libelle apparie a un titre de niveau 3 (l.179) — sous le niveau canonique
RETROGRADER;intro_B_1a;;0;ThesisSection;79a77b4aa63fd0cde00e4769b174455d;B.1.a. Notre insatisfaction vis-à-vis de la théorie monétaire dominante;libelle apparie a un titre de niveau 3 (l.116) — sous le niveau canonique
RETROGRADER;intro_B_1b;;0;ThesisSection;1ef9935001830b38166ebb62a144f513;B.1.b. Analyser le phénomène monétaire sans l'amputer : un institutionnalisme premier;libelle apparie a un titre de niveau 3 (l.124) — sous le niveau canonique
RETROGRADER;intro_B_2a;;0;ThesisSection;6359b66f7d234e7d159cf71f4667157d;B.2.a. Anthropologie, ethnographie et sociologie de la monnaie : l'empirie des usages;libelle apparie a un titre de niveau 3 (l.140) — sous le niveau canonique
RETROGRADER;intro_B_2b;;0;ThesisSection;d4807871cddce677c374549b5f3dc98e;B.2.b. Au-delà des « boîtes noires » : les CM, des infrastructures « sans coutures »;libelle apparie a un titre de niveau 3 (l.148) — sous le niveau canonique
RETROGRADER;intro_B_3a;;0;ThesisSection;985d5ee38de80ff547c153939f00c294;B.3.a. Les fonctions heuristiques et herméneutiques des « crises »;libelle apparie a un titre de niveau 3 (l.162) — sous le niveau canonique
RETROGRADER;intro_B_3b;;0;ThesisSection;92eccc1b5de0f983abd5f49cf462752e;B.3.b. Du périmètre de nos terrains : deux crises différenciées touchant Bitcoin et Ethereum;libelle apparie a un titre de niveau 3 (l.168) — sous le niveau canonique
RETROGRADER;intro_C_1b;;0;ThesisSection;0cf63080533e87d5bc747f09d72505a0;C.1.b. La relation enquêteur-enquêtés;libelle apparie a un titre de niveau 3 (l.190) — sous le niveau canonique
RETROGRADER;intro_C_2c;;2;ThesisSection;63b87660eedea4c59423d7f2537e5d78;C.2.c. S'approcher des acteurs non humains : des immersions participantes fructueuses;libelle apparie a un titre de niveau 4 (l.250) — sous le niveau canonique
RETROGRADER;intro_C_2d;;0;ThesisSection;f99a9cb9e9ca7b29a73efdcae8212a77;C.2.d. L'envers « hors ligne » : observations et entretiens;libelle apparie a un titre de niveau 4 (l.268) — sous le niveau canonique
RETIRER;intro_C_1a;;0;ThesisSection;9a51476586060f9220b1f4977a5ddbde;C.1.a. Enjeux méthodologiques;aucun contenu attache, aucun titre correspondant
RETIRER;intro_C_2a;;0;ThesisSection;533f166041015681506e5003366ba9d5;C.2.a. La face « en ligne » des CM : de la recherche documentaire à l'immersion participante;aucun contenu attache, aucun titre correspondant
RETIRER;intro_C_2b;;0;ThesisSection;ce5164aaecea4aaec0f9d754ad8d84c4;C.2.b. « Creuser au fond du terrier » : les recherches documentaires;aucun contenu attache, aucun titre correspondant
RETIRER;intro_C_2e;;0;ThesisSection;ee02c5c55eac9cd1fe26d13e8427cc50;C.2.e. Observations participantes hors ligne;aucun contenu attache, aucun titre correspondant
RETIRER;intro_C_2f;;0;ThesisSection;c55b4bb54aa5817904f907248c78ce8a;C.2.f. Entretiens;aucun contenu attache, aucun titre correspondant
CONFORME;I.1;I.1;348;ThesisSection;179eaeedc85c47a09b7a4ada23fc825b;I.1 Quand Bitcoin définit son monde… : l'aloi politique d'une CM pionnière;
CONFORME;I.1.1;I.1.1;0;ThesisSection;3b652bdef05925924c4683ae384a70d2;I.1.1 Du terreau matériel et idéel aux racines de Bitcoin;
CONFORME;I.1.2;I.1.2;121;ThesisSection;1168d4e0c868c27a81ac371cb6879359;I.1.2 Bitcoin : une chimère théorico-pratique très politique;
CONFORME;I.1.3;I.1.3;0;ThesisSection;3f2a9945f3856123c823b24f025e438e;I.1.3 Le fonctionnement de Bitcoin suivant le script original de Nakamoto;
CONFORME;I.2;I.2;220;ThesisSection;596826c3187e4f8cb9034357477eb14c;I.2 Quand le « monde redéfinit » Bitcoin de manière carnavalesque;
CONFORME;I.2.1;I.2.1;0;ThesisSection;9cee8e18f8f9f0dd9853e9ecd1cf0855;I.2.1 Un développement infrastructurel au-delà du protocole Bitcoin;
CONFORME;I.2.2;I.2.2;397;ThesisSection;93f13f18c6da412292eba80dcd630ac7;I.2.2 Un protocole débordé de « carnavalesques » improvisations d'acteurs;
CONFORME;I.3;I.3;126;ThesisSection;6c2bbf0e45bc44ffa1d65b186df700c0;I.3 Ethereum : une rupture assumée d'avec Bitcoin et les premiers Altcoins;
CONFORME;I.3.1;I.3.1;187;ThesisSection;c5eef5d754c64a30a9d163e59e1d5c88;I.3.1 De la constellation des Altcoins : construire « sur » ou « à côté » de Bitcoin;
CONFORME;I.3.2;I.3.2;210;ThesisSection;ed2c565cbede474da7b6144bcb22d753;I.3.2 Ethereum : continuité et rupture d'avec Bitcoin et les expériences passées;
CONFORME;I.3.3;I.3.3;146;ThesisSection;46111186b53041829a0a98218f9611fe;I.3.3 Ethereum, des recompositions d'alliances contre les rigidités de Bitcoin;
CONFORME;II.1;II.1;288;ThesisSection;87a54f067fbb44f7b32c4207fa23a3b2;II.1 « Les CM ne sont pas monnaie ! » : arguments contre le caractère monétaire des CM;
CONFORME;II.2;II.2;31;ThesisSection;38e637cc84f14883b96d064b8e387c0f;II.2 « Pourtant, elles font monnaie ! » : à l'aune d'un nominalisme « non étatiste » attentif aux usages;
CONFORME;II.3;II.3;77;Concept|ThesisSection;d622d318825741cda43212d7831a88c7;II.3 Au‑delà de la revendication d’une absence de gouvernance !;
CONFORME;III.1;III.1;368;ThesisSection;5a5684979bf84b37af3771f915f677e2;III.1 Crise Bitcoin CVE 2018-17144 : d'une crise à de nombreuses autres…;
CONFORME;III.2;III.2;13;ThesisSection;89663a261c1545c1941ab7f871314a53;III.2 Des marques d'une politique de crises : une gouvernance de huis clos routinière;
CONFORME;III.3;III.3;94;ChapterSection;41e14735f0af4e9a832041a8168cc4e9;III.3 Une gouvernance publique d’exception : le hard fork d’Ethereum consécutif à l’attaque de “The DAO”;
CONFORME;III.3.1;III.3.1;213;ThesisSection;cf7dfaf42b4f3caa74d2078a8eacc9e6;III.3.1 — Une mise en crise brutale, publique et tapageuse (The DAO);
CONFORME;III.3.2;III.3.2;109;ThesisSection;123b661853db78e3660f05f73d9ab081;III.3.2 — Une remise en ordre complexe, contrainte et controversée;
CONFORME;III.3.3;III.3.3;128;ThesisSection;7b9eff43f3726247610d73a7fcbd0e06;III.3.3 — Gouvernance ouverte et publique pour des forks controversés;
CONFORME;conclu_aceph;conclu_aceph;424;ThesisSection;45b91ae1d82a40ab8029f3b8835b3af4;De l’acéphalisme apolitique des CM à l’épreuve d’une sociologie des crises;
CONFORME;conclu_infra;conclu_infra;447;ThesisSection;711fe2aa7c734731bccb42ccd5843924;A. Décrypter la crypto par l’approche infrastructurelle;
CONFORME;conclu_resume;conclu_resume;482;ThesisSection;9c72c7227c3e0cee55b8b4820e7492d8;Conclusion — Résumé de la thèse;
CONFORME;intro_A_1;intro_A_1;38;ThesisSection;707ffa8647a7acc3f95f8af261c4c77e;A.1. Un intérêt pour la monnaie et les « Objets Monétaires Non Identifiés »;
CONFORME;intro_A_2;intro_A_2;1;ThesisSection;4c8427cf88d26487ceeb26dc51dddafc;A.2. La controverse sur le caractère monétaire des cryptomonnaies;
CONFORME;intro_A_3;intro_A_3;0;ThesisSection;29b2b4aff0e4ef2ae111f10d72a69dab;A.3. Révéler l'« indicible » gouvernance des CM contre les prétentions libérales technicistes;
CONFORME;intro_B;intro_B;582;ThesisSection;21ff5747290e4951a3b0b601ddbbe9d6;B. La gouvernance des CM dévoilée par leurs crises : un institutionnalisme articulé à une sociologie des sciences et techniques;
CONFORME;intro_B_1;intro_B_1;3;ThesisSection;4a8d6940c30a34aada2553ed8febd6bb;B.1. L'institutionnalisme monétaire pour caractériser les CM comme monnaies;
CONFORME;intro_B_2;intro_B_2;12;ThesisSection;600a5e7b08126f881793ff6696c244a0;B.2. Gouvernance des CM : perspectives sociologiques;
CONFORME;intro_B_3;intro_B_3;0;ThesisSection;11892ab65226a8fde71e11d23dff672c;B.3. La gouvernance de Bitcoin et d'Ethereum dévoilée par leurs crises;
CONFORME;intro_C;intro_C;519;ThesisSection;018c87f7337246b99ab36add53a537e3;C. Une démarche ethnographique, pour un terrain d'enquête multi-niveau;
CONFORME;intro_C_1;intro_C_1;0;ThesisSection;739e889ff25c2e6c60b4cb8e1c4fe169;C.1. Enquêter sur la gouvernance des CM : contraintes et enjeux;
CONFORME;intro_C_2;intro_C_2;2;ThesisSection;4615956ddad16a1de0c360886fa0932f;C.2. Stratégie d'accès et matériaux de terrain récoltés;
CONFORME;intro_D;intro_D;200;ThesisSection;7a1965a429f1468180346e845d793eab;D. Objectifs, apports et organisation générale de la thèse;
