zip;phase;operation_index;candidate_quote;normalized_quote;target_name;resolved_entity_id;entity_resolution_status;target_section;section_status;match_status;existing_sourcequote_id;duplicate_risk;evidence_location;evidence_excerpt_short;recommendation;needs_mael_arbitration;notes
Migration/sourcequote_effective_patch_phase1.zip;1;0;Ces dernières offraient la chance inouïe d'étudier un phénomène rare dans le champ de la monnaie : l'émergence ex nihilo d'" une nouvelle forme d'argent " (Kav…;ces dernières offraient la chance inouïe d'étudier un phénomène rare dans le champ de la monnaie : l'émergence ex nihil…;Monnaie | Objets monétaires non identifiés | Bitcoin | Cryptomonnaie;e94facdafe5a431e83e96a6060c5c862 | - | d35d720e1fa24d9fbe665a90ac0abc73 | bed4df005c7ce36030703bd68cb521d1;unique | fuzzy-only | unique | unique;intro_A_1;exists;exact-match;;faible;PDF 4_Introduction_generale p.18;l'émergence ex nihilo d'" une nouvelle forme d'argent " (Kavanagh et Miscione 2017, p. 10);retenir;non;Verbatim p.18 (page annoncée exacte). Entité " Objets monétaires non identifiés " ne résout que vers la section A.1 elle-même (fuzzy).
Migration/sourcequote_effective_patch_phase1.zip;1;1;Ces discours étaient cependant contredits par des faits têtus. En une décennie, Bitcoin a maintenu un taux de disponibilité de plus de 99,987 %, avec une valeu…;ces discours étaient cependant contredits par des faits têtus. en une décennie, bitcoin a maintenu un taux de disponibi…;Bitcoin | Controverse sur le statut monétaire | Disponibilité | Transactions;d35d720e1fa24d9fbe665a90ac0abc73 | 758e9ca93d00591b0a077b2d4f0125eb | 7ee960755783430c9db0bb016e87b78b | -;unique | resolved-by-synonym | unique | fuzzy-only;intro_A_2;exists;minor-normalization;;faible;PDF 4_Introduction_generale p.20;Bitcoin a maintenu un taux de disponibilité* de plus de 99,987%14, avec une valeur;retenir;oui;Seule différence : appel de note 14 et astérisque de glossaire. Entité " Controverse sur le statut monétaire " RESOLUE PAR SYNONYME vers 758e9ca9 " Controverse statut monétaire des cryptomonnaies " (Concept v110, qui porte déjà la Quote a1ee97b5) : aucune création à prévoir. Arbitrage maintenu : adopter la résolution par synonyme/traduction (plutôt que d'omettre le quote supports) est un choix à confirmer, cf. Q6.
Migration/sourcequote_effective_patch_phase1.zip;1;2;Il faut donc penser que les CM relèvent d'une gouvernance duale. D'abord, il y a la gouvernance par l'infrastructure qui encadre les interactions et résout les…;il faut donc penser que les cm relèvent d'une gouvernance duale. d'abord, il y a la gouvernance par l'infrastructure qu…;Gouvernance duale | Gouvernance sur l'infrastructure | Gouvernance par l'infrastructure | Algorithme de consensus;a432cc76f9ea4e949e374476082b89ab | e22205f327564c608c4710150bbac16b | ac80b824dedc47419211e4393dfcd681 | 7f4f018391584e708ee2a97f76d35c2b;unique | unique | unique | unique;intro_A_3;exists;minor-normalization;;faible;PDF 4_Introduction_generale p.23;il faut donc penser que les CM relèvent d'une gouvernance duale 19 (De Filippi et Loveluck, 2016...);retenir;oui;Coupes non signalées : note 19, citations, et le membre " comme avec le "consensus de Nakamoto" pour Bitcoin (cf. Chap. I) ". Arbitrage : coupes non signalées, politique à trancher en Q7.
Migration/sourcequote_effective_patch_phase1.zip;1;3;Finalement, l'approche classique est insatisfaisante. La monnaie est-elle objet d'un choix individuel marchand ? Simplifie-t-elle des échanges qui auraient lie…;finalement, l'approche classique est insatisfaisante. la monnaie est-elle objet d'un choix individuel marchand ? simpli…;Institutionnalisme monétaire | Théorie monétaire dominante | Individualisme méthodologique | Monnaie;- | - | - | e94facdafe5a431e83e96a6060c5c862;fuzzy-only | fuzzy-only | not-found | unique;intro_B_1 | intro_B_1a;exists | exists;exact-match;;faible;PDF 4_Introduction_generale p.27;Finalement, l'approche classique est insatisfaisante. La monnaie est-elle objet d'un choix individu…;retenir;oui;Verbatim p.27. Arbitrage : entité " Individualisme méthodologique " introuvable.
Migration/sourcequote_effective_patch_phase1.zip;1;4;La gouvernance y est conçue sans présupposer des formes et fonctions qu'elle devrait revêtir, puisqu'elle renvoie à une configuration toujours située de règles…;la gouvernance y est conçue sans présupposer des formes et fonctions qu'elle devrait revêtir, puisqu'elle renvoie à une…;Gouvernance | Elinor Ostrom | Institutionnalisme monétaire | Polycentric governance;- | 2b513be78d20467482f2017848d5ce80 | - | a444085b9b2d4ea1aa734f7e25db6a6c;fuzzy-only | unique | fuzzy-only | resolved-by-synonym;intro_B_1 | intro_B_1b;exists | exists;exact-match;;faible;PDF 4_Introduction_generale p.28;La gouvernance y est conçue sans présupposer des formes et fonctions qu'elle devrait revêtir;retenir;oui;Verbatim p.28, situé AVANT le titre B.2 : bien dans B.1/B.1.b (vérifié). " Polycentric governance " RESOLUE PAR TRADUCTION vers a444085b " Gouvernance polycentrique " (CoreConcept v110) , voir aussi 4a056174 " Polycentricité comme dynamique d'arènes et de légitimités " (Argument). Aucune création requise. Arbitrage maintenu : adopter la résolution par synonyme/traduction (plutôt que d'omettre le quote supports) est un choix à confirmer, cf. Q6.
Migration/sourcequote_effective_patch_phase1.zip;1;5;Pas de monnaie sans usages. Toute analyse monétaire doit partir des usages, de leur contexte matériel et de leurs significations indigènes, car il est impossib…;pas de monnaie sans usages. toute analyse monétaire doit partir des usages, de leur contexte matériel et de leurs signi…;Usages monétaires | Anthropologie de la monnaie | Sociologie économique | Monétisation;- | - | - | -;fuzzy-only | fuzzy-only | not-found | fuzzy-only;intro_B_2 | intro_B_2a;exists | exists;exact-match;;faible;PDF 4_Introduction_generale p.30;Pas de monnaie sans usages. Toute analyse monétaire doit partir des usages;retenir;oui;Verbatim p.30. Arbitrage : entité " Sociologie économique " introuvable.
Migration/sourcequote_effective_patch_phase1.zip;1;6;Pour dépasser ce " technologisme ", comme éviter les ornières de la vision opposée du " sociologisme ", la technique est considérée comme " un tissu sans coutu…;pour dépasser ce " technologisme ", comme éviter les ornières de la vision opposée du " sociologisme ", la technique es…;Infrastructure sociotechnique | STS | Technologisme | Sociologisme;e1a7b06839404dbdacba7f00782a5450 | - | a25fc6eb5f3549a69f4ce17d6969ee01 | 9be50de248b1465cbf2e7ac9a2a5e1ac;unique | fuzzy-only | unique | unique;intro_B_2 | intro_B_2b;exists | exists;minor-normalization;;faible;PDF 4_Introduction_generale p.30;éviter les ornières de la vision opposée du " sociologisme "37, la technique est considérée;retenir;non;Seule différence : appel de note 37.
Migration/sourcequote_effective_patch_phase1.zip;1;7;Dans le champ monétaire, les crises sont souvent considérées comme des moments privilégiés d'étude où la monnaie se " dévoile ", révélant ses dimensions histor…;dans le champ monétaire, les crises sont souvent considérées comme des moments privilégiés d'étude où la monnaie se " d…;Crise | Monnaie | STS | Infrastructure;- | e94facdafe5a431e83e96a6060c5c862 | - | 6baa805952d145bc9c4b1b14eede3c33;fuzzy-only | unique | fuzzy-only | unique;intro_B_3 | intro_B_3a;exists | exists;minor-normalization;;faible;PDF 4_Introduction_generale p.32;où la monnaie se " dévoile ", révélant ses dimensions historique, sociale et politique (Théret, 200…;retenir;oui;Coupes non signalées : " (Théret, 2007) " et ~2 phrases entre les deux moitiés (les deux moitiés sont verbatim p.32). Arbitrage : coupes non signalées, politique à trancher en Q7.
Migration/sourcequote_effective_patch_phase1.zip;1;8;Nous avons choisi d'analyser pour chacune d'elles un moment de " crise " particulier : le bogue CVE 2018 #17144 pour Bitcoin et la crise ouverte par l'attaque…;nous avons choisi d'analyser pour chacune d'elles un moment de " crise " particulier : le bogue cve 2018 #17144 pour bi…;Bitcoin CVE 2018-17144 | The DAO | Crises de vulnérabilité | Crises d'évolution;db9a125c4c7a4d03bd19d3dc8c474a9e | ed7b68eeb3114b32a7ab0baabd62cc5a | - | -;unique | unique | fuzzy-only | fuzzy-only;intro_B_3 | intro_B_3b;exists | exists;duplicate-existing;a5278302a3b54db891aa5d8b546b0459;eleve;PDF 4_Introduction_generale p.33;nous avons choisi d'analyser pour chacune d'elles un moment de " crise " particulier : le bogue CVE…;completer-l-existante;oui;Trouvée p.33 (annoncée 34) dans B.3.b (titre p.33) : section OK. L'existante a5278302 (page 34) = fragment strict du candidat , candidat plus long, coupes " Pour restreindre encore notre terrain, " et " (cf. Chap III) " non signalées. Doublon partiel : compléter ou remplacer ?
Migration/sourcequote_effective_patch_phase1.zip;1;9;Le premier enjeu tient à la définition de l'objet CM comme infrastructure au sens de Star (1999). Son périmètre large renvoie à une pluralité d'usages et à des…;le premier enjeu tient à la définition de l'objet cm comme infrastructure au sens de star (1999). son périmètre large r…;Infrastructure | Méthodologie | Susan Leigh Star | Travail invisible;6baa805952d145bc9c4b1b14eede3c33 | - | - | -;unique | fuzzy-only | fuzzy-only | not-found;intro_C_1 | intro_C_1a;exists | exists;exact-match;;faible;PDF 4_Introduction_generale p.34;Le premier enjeu tient à la définition de l'objet CM comme infrastructure au sens de Star (1999);retenir;oui;Verbatim p.34. Arbitrage : entité " Travail invisible " introuvable.
Migration/sourcequote_effective_patch_phase1.zip;1;10;L'enquête ethnographique mène le chercheur, au même titre que les enquêtés, à s'impliquer activement. Cette implication mutuelle détermine en partie la forme e…;l'enquête ethnographique mène le chercheur, au même titre que les enquêtés, à s'impliquer activement. cette implication…;Ethnographie | Relation enquêteur-enquêtés | Méthodologie;f788033ee36c478d8fbe59d5e3825d95 | - | -;unique | fuzzy-only | fuzzy-only;intro_C_1 | intro_C_1b;exists | exists;exact-match;;faible;PDF 4_Introduction_generale p.36;L'enquête ethnographique mène le chercheur, au même titre que les enquêtés, à s'impliquer activement;retenir;non;Verbatim p.36.
Migration/sourcequote_effective_patch_phase1.zip;1;11;Les recherches exploratoires ont d'abord été menées grâce à une recherche documentaire mobilisant des sources et matériaux hétérogènes : différents types de li…;les recherches exploratoires ont d'abord été menées grâce à une recherche documentaire mobilisant des sources et matéri…;Recherche documentaire | Littérature grise | Littérature indigène | Méthodologie;- | - | - | -;fuzzy-only | fuzzy-only | not-found | fuzzy-only;intro_C_2 | intro_C_2a | intro_C_2b;exists | exists | exists;exact-match;;faible;PDF 4_Introduction_generale p.43;menées grâce à une recherche documentaire mobilisant des sources et matériaux hétérogènes;retenir;oui;Verbatim p.43. Arbitrage : entité " Littérature indigène " introuvable. Triple cible sectionnelle (C.2 + a + b) : rattachement multiple interprétatif mais sections existantes.
Migration/sourcequote_effective_patch_phase1.zip;1;12;Le point d'entrée de nos expériences immersives fut l'acquisition et l'utilisation de nos premières UCN BTC. Étant donné que nous étions encore réticent à ache…;le point d'entrée de nos expériences immersives fut l'acquisition et l'utilisation de nos premières ucn btc. étant donn…;Immersion participante | UCN BTC | Faucet | Bourse d'échange;- | c74c47caffc64382b31bc5eb221b7db7 | - | -;fuzzy-only | unique | fuzzy-only | fuzzy-only;intro_C_2 | intro_C_2c;exists | exists;minor-normalization;;faible;PDF 4_Introduction_generale p.44;Le point d'entrée de nos expériences immersives (une liste non exhaustive... annexe n°IV.1) fut l'a…;retenir;oui;Coupe non signalée : la parenthèse " (une liste non exhaustive de nos immersions participantes se trouve en annexe n°IV.1) ". Arbitrage : coupe non signalée, politique à trancher en Q7.
Migration/sourcequote_effective_patch_phase1.zip;1;13;Dans le " réel ", nous avons réalisé 27 observations pour un temps moyen passé de 4 heures 30. [...] Après quelques entretiens, très ouverts et sur des questio…;dans le " réel ", nous avons réalisé 27 observations pour un temps moyen passé de 4 heures 30. [...] après quelques ent…;Observations participantes | Entretiens | Méthodologie | Terrain hors ligne;- | 0c2708df5e644ac89252ab7a85ff4230 | - | -;fuzzy-only | unique | fuzzy-only | not-found;intro_C_2 | intro_C_2d | intro_C_2e | intro_C_2f;exists | exists | exists | exists;minor-normalization;;faible;PDF 4_Introduction_generale p.46;nous avons réalisé 27 observations (cf. recension en Annexe n°2) pour un temps moyen passé de 4 heu…;retenir;oui;Coupe non signalée : " (cf. recension en Annexe n°2) " , le saut observations→entretiens est correctement marqué par [...]. Arbitrage : entité " Terrain hors ligne " introuvable.
Migration/sourcequote_effective_patch_phase1.zip;1;14;Le concept de gouvernance, centrale dans cette thèse et dans les critiques des CM qu'il nous reste à présenter, apparaît problématique dans ses acceptions acad…;le concept de gouvernance, centrale dans cette thèse et dans les critiques des cm qu'il nous reste à présenter, apparaî…;Gouvernance | II.3.1 | Concept de gouvernance;- | - | -;fuzzy-only | fuzzy-only | fuzzy-only;II.3.1->II.3.1.a;renumbered;wrong-section;;faible;PDF 6_Chapitre_2 p.186;II.3.1 D'un concept de gouvernance problématique [...] Le concept de gouvernance, centrale dans cet…;retenir-avec-correction-de-section;oui;Texte verbatim p.186 (annoncée 187) : c'est le CHAPEAU de II.3.1 (clé v110 II.3.1, id d493c4ac), AVANT le titre de II.3.1.a (p.187). La renumérotation mécanique II.3.1→II.3.1.a est fausse ici , la clé brute du patch serait, elle, correcte.
Migration/sourcequote_effective_patch_phase1.zip;1;15;Retourné positivement, le concept de gouvernance permet de faire resurgir analytiquement autorité, pouvoir, conflit, en un mot : le politique. Appliqué aux CM,…;retourné positivement, le concept de gouvernance permet de faire resurgir analytiquement autorité, pouvoir, conflit, en…;Gouvernance | Pouvoir | Conflit | Politique;- | - | - | -;fuzzy-only | fuzzy-only | fuzzy-only | fuzzy-only;II.3.1->II.3.1.a;renumbered;wrong-section;;faible;PDF 6_Chapitre_2 p.190;Retourné positivement, le concept de gouvernance permet de faire resurgir analytiquement autorité,…;retenir-avec-correction-de-section;oui;Texte verbatim p.190, DANS II.3.1.b " Retournement positif " (188-190, le titre II.3.2 tombe plus bas sur la même page). La renumérotation II.3.1→II.3.1.a est fausse ici : cible réelle = II.3.1.b (d93cb2ce).
Migration/sourcequote_effective_patch_phase1.zip;1;16;Nos recherches sur le Bogue CVE 2018 #17144 nous ont conduit à mettre au jour le nombre important de crises protocolaires que Bitcoin et sa communauté ont eu à…;nos recherches sur le bogue cve 2018 #17144 nous ont conduit à mettre au jour le nombre important de crises protocolair…;Bitcoin CVE 2018-17144 | Crises protocolaires | Gouvernance de crise;db9a125c4c7a4d03bd19d3dc8c474a9e | - | -;unique | fuzzy-only | fuzzy-only;III.2.2->III.1.2.b;renumbered;exact-match;;faible;PDF 7_Chapitre_3 p.243;Nos recherches sur le Bogue CVE 2018 #17144 nous ont conduit à mettre au jour le nombre important d…;retenir;non;Deux segments verbatim p.243, coupure marquée [...]. Renumérotation III.2.2→III.1.2.b VALIDÉE par le contenu et la TOC (titre p.243).
Migration/sourcequote_effective_patch_phase1.zip;1;17;Construite pratiquement, cette labélisation permet de catégoriser l'ensemble des bogues/failles passés ou futurs de Bitcoin. Chaque label dessine les frontière…;construite pratiquement, cette labélisation permet de catégoriser l'ensemble des bogues/failles passés ou futurs de bit…;Labélisation indigène | Vulnérabilité | Bitcoin Wiki | CVE (Common Vulnerabilities & Exposures);- | - | - | f202291ba1fd4bdca66a5d1a719d5984;not-found | fuzzy-only | fuzzy-only | unique;III.2.2->III.1.2.b;renumbered;exact-match;;faible;PDF 7_Chapitre_3 p.244;cette labélisation permet de catégoriser l'ensemble des bogues/failles passés ou futurs de Bitcoin;retenir;oui;Verbatim p.244, III.1.2.b confirmée. Arbitrage : entité " Labélisation indigène " introuvable (le Tableau 4 p.244 la nommerait pourtant).
Migration/sourcequote_effective_patch_phase2.zip;2;0;La deuxième section (II.2) sera l'occasion de préciser notre approche inscrite dans l'institutionnalisme monétaire et empruntant à l'ethnographie économique. N…;la deuxième section (ii.2) sera l'occasion de préciser notre approche inscrite dans l'institutionnalisme monétaire et e…;II.2 " Pourtant, elles font monnaie ! " : à l'aune d'un nominalisme " non étatiste " attentif aux usages | Nominalisme monetaire non etatiste | Monétisation des cryptomonnaies | Communaute de paiement / Groupe monetaire;38e637cc84f14883b96d064b8e387c0f | c4ff6f8bb34a4bc4acf61ebb16943bde | de6da7fa28334c408e51269ba447a482 | 92b00fd0ab9049cea901c66a63c8fc1f;unique | unique | unique | unique;II.2;exists;wrong-section;;faible;PDF 6_Chapitre_2 p.146;La deuxième section (II.2) sera l'occasion de préciser notre approche inscrite dans l'institutionna…;arbitrage;oui;Quasi verbatim p.146 (2 parenthèses + " (saisie par le triptyque...) " coupées sans marque) MAIS p.146 = introduction du chapitre II qui ANNONCE II.2 , la section II.2 elle-même court ~160-184. Rattacher l'annonce à II.2 est interprétatif. ATTENTION RESOLUTION : la 1re cible " II.2 « Pourtant, elles font monnaie ! » ... " résout en unique vers 38e637cc, qui est un nœud de type ThesisSection (section_key II.2) et NON un concept : un " quote supports " vers elle ferait doublon avec le " appears in section " de la même op. Une résolution unique ne garantit donc pas que la cible soit du bon genre.
Migration/sourcequote_effective_patch_phase2.zip;2;1;Bitcoin et Ethereum ont leur sphère d'activité propre, où leurs UCN offrent des prestations monétaires de paiement et de règlement exclusives, évoluant dynamiq…;bitcoin et ethereum ont leur sphère d'activité propre, où leurs ucn offrent des prestations monétaires de paiement et d…;UCN BTC | UCN ETH | Communaute de paiement / Groupe monetaire | Monétisation des cryptomonnaies;c74c47caffc64382b31bc5eb221b7db7 | b5d5510775234885a665faa665ee6960 | 92b00fd0ab9049cea901c66a63c8fc1f | de6da7fa28334c408e51269ba447a482;unique | unique | unique | unique;II.2;exists;exact-match;;faible;PDF 6_Chapitre_2 p.182;Bitcoin et Ethereum ont leur sphère d'activité propre, où leurs UCN offrent des prestations monétai…;retenir;non;Verbatim p.182, dans II.2. Les 4 entités résolues en unique.
Migration/sourcequote_effective_patch_phase2.zip;2;2;Cette dernière section poursuit notre tentative de caractérisation des CM, que sont Bitcoin et Ethereum, dans le champ de la monnaie. C'est qu'à rechercher ce…;cette dernière section poursuit notre tentative de caractérisation des cm, que sont bitcoin et ethereum, dans le champ…;Gouvernance duale | Polycentric Governance | Bitcoin | Ethereum;a432cc76f9ea4e949e374476082b89ab | a444085b9b2d4ea1aa734f7e25db6a6c | d35d720e1fa24d9fbe665a90ac0abc73 | 2956b3b87db1448f8a2ddde82d39e9c9;unique | resolved-by-synonym | unique | unique;II.3;exists;minor-normalization;;faible;PDF 6_Chapitre_2 p.185;II.3 AU-DELÀ DE LA REVENDICATION [...] Cette dernière section poursuit notre tentative de caractéri…;retenir;oui;Ouverture de II.3, p.185 (annoncée 186). Coupe non signalée : " Conclusive du chapitre II, elle ouvrira sur les problématiques centrales du chapitre III à venir. " , " vocaux ! " devient " vocaux . ". " Polycentric Governance " RESOLUE PAR TRADUCTION vers a444085b " Gouvernance polycentrique " (CoreConcept v110). Arbitrage : coupe non signalée, cf. Q7.
Migration/sourcequote_effective_patch_phase2.zip;2;3;La question posée en termes de substitution / concurrence entre les monnaies nationales et les CM n'est pas selon nous la bonne. Tout d'abord, il est faux de c…;la question posée en termes de substitution / concurrence entre les monnaies nationales et les cm n'est pas selon nous…;Gouvernance | Gouvernance duale | Crypto-actif | Cryptomonnaie (CM);- | a432cc76f9ea4e949e374476082b89ab | 926e5d2796ab4b48ae28ade2b7fcbb17 | -;fuzzy-only | unique | unique | fuzzy-only;II.3;exists;minor-normalization;;faible;PDF 6_Chapitre_2 p.202;d'aucune gouvernance, comme l'a déjà pointé notre chapitre premier. En second lieu, caractériser ce…;retenir;oui;Coupe non signalée : " , comme l'a déjà pointé notre chapitre premier ". p.202 bien dans II.3 (cible = section-mère : OK). Arbitrage : coupe non signalée, politique à trancher en Q7.
Migration/sourcequote_effective_patch_phase2.zip;2;4;N'en déplaise aux coiners, ces autres filiations des CM font que nombre d'entre eux partagent pour partie les visions monétaires de leurs critiques. Avec leur…;n'en déplaise aux coiners, ces autres filiations des cm font que nombre d'entre eux partagent pour partie les visions m…;Règle contre discrétion (Rules vs Discretion) | Monétisation des cryptomonnaies | Bitcoin;0c0929e6ef0140ad855052b0dd078f00 | de6da7fa28334c408e51269ba447a482 | d35d720e1fa24d9fbe665a90ac0abc73;unique | unique | unique;II.3.2->II.3.1.b;renumbered;wrong-section;;faible;PDF 6_Chapitre_2 p.191;N'en déplaise aux coiners*, ces autres filiations des CM font que nombre d'entre eux partagent pour…;retenir-avec-correction-de-section;oui;Quasi verbatim p.191 (coupe non signalée de " : les forces de marché ... "bonnes" en soi " , le PDF porte " de leur critiques ", sic). p.191 est DANS II.3.2 v110 " Quand les CM réactivent un débat monétaire ancien " (titre p.190), PAS II.3.1.b issue de la renumérotation. Ici la clé brute II.3.2 du patch est correcte et la carte de renumérotation a tort.
Migration/sourcequote_effective_patch_phase2.zip;2;5;À l'inverse, cette absence de gouvernance conçue comme absolument désirable par certains coiners est, pour les académiques, la marque rédhibitoire qu'elles ne…;à l'inverse, cette absence de gouvernance conçue comme absolument désirable par certains coiners est, pour les académiq…;Absence de gouvernance | Cryptomonnaie (CM) | Règle contre discrétion (Rules vs Discretion);- | - | 0c0929e6ef0140ad855052b0dd078f00;fuzzy-only | fuzzy-only | unique;II.3.2->II.3.1.b;renumbered;wrong-section;;faible;PDF 6_Chapitre_2 p.196;cette absence de gouvernance conçue comme absolument désirable par certains coiners est, pour les a…;retenir-avec-correction-de-section;oui;Verbatim p.196, sous " Pour les coiners : une absence de gouvernance... " (p.196) : DANS II.3.2 v110, pas II.3.1.b. Même correction que l'op précédente : garder la clé II.3.2, ignorer la renumérotation.
Migration/sourcequote_effective_patch_phase2.zip;2;6;Pourtant, les codes Bitcoin, constituant sa gouvernance par le protocole, sont faillibles et dès qu'ils sont reconnus comme ne correspondant pas aux attentes d…;pourtant, les codes bitcoin, constituant sa gouvernance par le protocole, sont faillibles et dès qu'ils sont reconnus c…;Gouvernance par l'infrastructure | Gouvernance sur l'infrastructure | Gouvernance de huis clos | Politique de crise;ac80b824dedc47419211e4393dfcd681 | e22205f327564c608c4710150bbac16b | a22f20aea49d4f86ab927e9c71d0a850 | 06099088d8e14f7c8596a4f9fc8d3193;unique | unique | unique | unique;III.2;exists;minor-normalization;;faible;PDF 7_Chapitre_3 p.254;une gouvernance sur le protocole, renvoyant à des activités humaines, médiatisées des dispositifs s…;retenir;oui;INSERTION, PAS COUPE : le candidat ajoute " par " (" médiatisées par des dispositifs ") là où la thèse porte " médiatisées des dispositifs " (coquille d'auteur, p.254). Corriger une coquille dans une citation dite verbatim est un choix d'édition : arbitrage requis, rattaché à Q7. Ouverture de III.2 (titre p.254) : section et page exactes.
Migration/sourcequote_effective_patch_phase2.zip;2;7;Ainsi, les deux types de procédures d'évolution de Bitcoin assurent la production d'un consensus, mais leurs formes diffèrent. Là où un BIP impose de mobiliser…;ainsi, les deux types de procédures d'évolution de bitcoin assurent la production d'un consensus, mais leurs formes dif…;BIP (Bitcoin Improvement Proposal) | Bitcoin Core (repo) | Gouvernance de huis clos | Core Developers (Bitcoin);05dae3dc59784e53bf5f7eb6a4d8030e | 5d6203275f6a40ddb8ede1d7c01cad1e | a22f20aea49d4f86ab927e9c71d0a850 | 7b29b0d2d8404396bbaa5742e07d8f21;unique | unique | unique | unique;III.2;exists;exact-match;;faible;PDF 7_Chapitre_3 p.281;Là où un BIP impose de mobiliser l'ensemble des composantes communautaires de Bitcoin, la procédure…;retenir;non;Verbatim p.281, dans III.2. Les 4 entités résolues en unique.
Migration/sourcequote_effective_patch_phase2.zip;2;8;Cette famille d'interventions nous place dans une crise d'évolution à gouvernance publique. La controverse ouverte immédiatement au déclenchement de la crise m…;cette famille d'interventions nous place dans une crise d'évolution à gouvernance publique. la controverse ouverte immé…;Gouvernance publique et ouverte | Hard Fork | Soft Fork | Core Developers (Ethereum) | The DAO;73b638dd42ef432fbc15fe98026e65e3 | a8108e74b9d9483bb66d929e347fd7bd | 7983b60ea7bc40aeb128c3062c4dfaa2 | c5f0d6a944544c3c93bdd731dbc83096 | ed7b68eeb3114b32a7ab0baabd62cc5a;unique | unique | unique | unique | unique;III.3.3;exists;minor-normalization;;faible;PDF 7_Chapitre_3 p.317;Cette famille d'interventions nous place dans une crise d'" évolution " à gouvernance publique (don…;retenir;oui;Coupes non signalées : " (donc dans un cadre proche de la procédure des BIP synthétisée en Figure 13) " et " et sans être à l'époque formellement encadré " , guillemets internes perdus. p.317 bien dans III.3.3 (314-321). Arbitrage : coupes non signalées dont " et sans être à l'époque formellement encadré ", qui retire une réserve de fond, et les guillemets perdus de " huis clos " : cas le plus net de la série. Politique à trancher en Q7.
Migration/sourcequote_effective_patch_phase2.zip;2;9;De bonnes pratiques et des procédures d'expression des désaccords et d'élaboration de consensus ad hoc ont été institutionnalisées : la procédure des EIP, insp…;de bonnes pratiques et des procédures d'expression des désaccords et d'élaboration de consensus ad hoc ont été institut…;EIP (Ethereum Improvement Proposal) | BIP (Bitcoin Improvement Proposal) | All Core Dev Meetings (Ethereum) | Gouvernance publique et ouverte | Ethereum;dea76780ff6843e4a12e9604a117baac | 05dae3dc59784e53bf5f7eb6a4d8030e | 8a76b0da92254d76a4a330ddb8b40e4c | 73b638dd42ef432fbc15fe98026e65e3 | 2956b3b87db1448f8a2ddde82d39e9c9;unique | unique | unique | unique | unique;III.3.3;exists;wrong-section;;faible;PDF 7_Chapitre_3 p.328;" la gouvernance sur Ethereum, elle fonctionne vraiment avec des signaux " [S. Polrot, Entretien n°…;retenir-avec-correction-de-section;oui;Quasi verbatim p.328 (coupe non signalée de la référence aux entretiens de Tychet/Summerwill , citation Polrot tronquée en fin). MAIS p.328 est dans III.3.4 " Fork You ?! " (322-328), pas III.3.3 (314-321) : correction de cible vers III.3.4.
Migration/sourcequote_effective_patch_phase3.zip;3;0;Cette chronologie, dévoilant l'invisible carnavalesque de l'infrastructure Bitcoin et de son développement, en saisit le caractère irréductiblement composite e…;cette chronologie, dévoilant l'invisible carnavalesque de l'infrastructure bitcoin et de son développement, en saisit l…;Bitcoin | Seamless Infrastructure | Développement infrastructurel par phases | Motif arlequin / Tissu sans couture | Etudes infrastructurelles;d35d720e1fa24d9fbe665a90ac0abc73 | - | f5fb37b1a7344ee588bc8740bf038e7a | ccc4ed32a02a4d0e9d9d69bce522cbf5 | 504644ee3f7a4253b88b6139f239693a;unique | fuzzy-only | unique | unique | unique;I.2 | I.2.1;exists | exists;duplicate-existing;8f150b5df798487e860c4853930241bf;eleve;PDF 5_Chapitre_1 p.89;Cette chronologie, dévoilant l'invisible carnavalesque de l'infrastructure Bitcoin et de son dévelo…;completer-l-existante;oui;Candidat verbatim p.89 (sections I.2/I.2.1 OK). L'existante 8f150b5d = 1re phrase seule, verbatim strict , le candidat ajoute la 2e phrase (" Elle illustre à quel point... "). Doublon partiel : compléter l'existante plutôt que créer.
Migration/sourcequote_effective_patch_phase3.zip;3;1;Si Bitcoin porte quelque fonction monétaire et financière, encore doit-il être autre chose qu'une curiosité technique, toucher des publics plus larges que ses…;si bitcoin porte quelque fonction monétaire et financière, encore doit-il être autre chose qu'une curiosité technique,…;Développement infrastructurel par phases | Bitcoin | Transactions | Seamless Infrastructure;f5fb37b1a7344ee588bc8740bf038e7a | d35d720e1fa24d9fbe665a90ac0abc73 | - | -;unique | unique | fuzzy-only | fuzzy-only;I.2.1;exists;exact-match;;faible;PDF 5_Chapitre_1 p.89;Si Bitcoin porte quelque fonction monétaire et financière, encore doit-il être autre chose qu'une c…;retenir;non;Verbatim p.89 (y compris " C'est un processus " avec l'apostrophe atypique du PDF), I.2.1 OK.
Migration/sourcequote_effective_patch_phase3.zip;3;2;Avec WikiLeaks, Bitcoin dépasse le statut de preuve de concept, démontrant pratiquement ses ambitions de système de paiement alternatif : il s'érige en canal f…;avec wikileaks, bitcoin dépasse le statut de preuve de concept, démontrant pratiquement ses ambitions de système de pai…;Phase de peche / Phase 2 Bitcoin | Bitcoin | WikiLeaks | Silk Road;3e760009bf2d408e86cfc962b61466c9 | d35d720e1fa24d9fbe665a90ac0abc73 | d969f6bc7b0444db8d228a13173b1b74 | 1570f65e76a24fb0b3df247eef1d76d1;unique | unique | unique | unique;I.2.1b;not-found;duplicate-existing;47dfac1479884cf795db905e67191153;eleve;PDF 5_Chapitre_1 p.93;Avec WikiLeaks, Bitcoin dépasse le statut de preuve de concept, démontrant pratiquement ses ambitio…;arbitrage;oui;Candidat verbatim p.93. L'existante 47dfac14 (p.93) partage le tronc " Avec WikiLeaks ... l'en priver " puis DIVERGE (l'existante poursuit sur les marchés noirs, le candidat sur le régime transactionnel) : chevauchement sans inclusion. En sus, section cible I.2.1b JAMAIS existée (parent I.2.1 disponible). Double arbitrage.
Migration/sourcequote_effective_patch_phase3.zip;3;3;La phase de " maturation " (de novembre de 2013 à aujourd'hui). Fin 2013, grâce aux activités précédentes, Bitcoin débute l'ultime période de son développement…;la phase de " maturation " (de novembre de 2013 à aujourd'hui). fin 2013, grâce aux activités précédentes, bitcoin débu…;Phase de maturation / Phase 3 Bitcoin | Bitcoin | MtGox | Cryptomonnaie (CM);645079ad66ee41b689112d383dd54798 | d35d720e1fa24d9fbe665a90ac0abc73 | ad19591afb62496e90aba4dd1d65d1ef | -;unique | unique | unique | fuzzy-only;I.2.1c;not-found;minor-normalization;;faible;PDF 5_Chapitre_1 p.96;Bitcoin débute l'ultime période de son développement infrastructurel : la phase de " maturation ";arbitrage;oui;Quasi verbatim p.96 : coupe non signalée de " (les attaques informatiques...) : les transactions* impliquées comptent pour moins de 1% ... (Chainalysis Team...) ". Section cible I.2.1c JAMAIS existée (parent I.2.1 disponible).
Migration/sourcequote_effective_patch_phase3.zip;3;4;Mais ces services plus ou moins centralisés, par l'intermédiation, ouvrent en contrepartie la sphère d'usage de Bitcoin et de ses UCN au plus grand nombre, ce…;mais ces services plus ou moins centralisés, par l'intermédiation, ouvrent en contrepartie la sphère d'usage de bitcoin…;Réintermédiation | Bitcoin | UCN BTC | Communaute de paiement / Groupe monetaire;a53b18d59a6c4ab18a407fd8fdced0c8 | d35d720e1fa24d9fbe665a90ac0abc73 | c74c47caffc64382b31bc5eb221b7db7 | 92b00fd0ab9049cea901c66a63c8fc1f;unique | unique | unique | unique;I.2.2a;not-found;exact-match;;faible;PDF 5_Chapitre_1 p.103-104;ces services plus ou moins centralisés, par l'intermédiation, ouvrent en contrepartie la sphère d'u…;arbitrage;oui;Verbatim à cheval p.103-104 (annoncée 104 : OK). Section cible I.2.2a JAMAIS existée (parent I.2.2, 100-108, disponible).
Migration/sourcequote_effective_patch_phase3.zip;3;5;Ces régulations transactionnelles formelles, contraignant économiquement l'usage de Bitcoin, ne peuvent cacher leurs dimensions prescriptives et normatives. El…;ces régulations transactionnelles formelles, contraignant économiquement l'usage de bitcoin, ne peuvent cacher leurs di…;Bitcoin | Guerre des métaprotocoles / OP_RETURN War | Proof of Work (PoW) | Seamless Infrastructure;d35d720e1fa24d9fbe665a90ac0abc73 | 0893301ee5634aada72fa1aabc72fca7 | f3e7754db9ee4502ae4180e36200ade1 | -;unique | unique | unique | fuzzy-only;I.2.2b->I.2.2.b;renumbered;minor-normalization;;faible;PDF 5_Chapitre_1 p.109;Finalement, ces régulations transactionnelles prescrivent (et proscrivent en retour) des plages de…;retenir;oui;Trouvée p.109 (annoncée 106) mais toujours DANS I.2.2.b (106-109, le titre I.3 tombe après sur la p.109) : renumérotation I.2.2b→I.2.2.b validée. Coupe non signalée d'~2 phrases entre " "dangereuses" pour Bitcoin " et " Finalement ". Arbitrage : coupe non signalée d'~2 phrases, politique à trancher en Q7.
Migration/sourcequote_effective_patch_phase3.zip;3;6;Bitcoin n'a pas été retenu à cause des incertitudes que faisait peser la rigidité de sa communauté : " les guerres OP_RETURN se déroulaient à l'époque et compt…;bitcoin n'a pas été retenu à cause des incertitudes que faisait peser la rigidité de sa communauté : " les guerres op_r…;Ethereum | Bitcoin | Vitalik Buterin | Counterparty | Guerre des métaprotocoles / OP_RETURN War;2956b3b87db1448f8a2ddde82d39e9c9 | d35d720e1fa24d9fbe665a90ac0abc73 | bf653891dd9e4c1cbf23f40e4609f55b | ffdc27d9e9c7485a81c0482017ed9246 | 0893301ee5634aada72fa1aabc72fca7;unique | unique | unique | unique | unique;I.3.2;exists;duplicate-existing;68d8c0d57cbe4c6e9a1dc642fa33354b;eleve;PDF 5_Chapitre_1 p.123;Bitcoin n'a pas été retenu à cause des incertitudes que faisait peser la rigidité de sa communauté;completer-l-existante;oui;Trois morceaux verbatim p.123, dans l'ordre du texte, avec coupes non signalées entre eux (citations Buterin 2017/Young 2017 et une phrase BitMEXResearch sautées). L'existante 68d8c0d5 = le passage central (citation Buterin), légèrement condensé (" protocole " pour " protocole de base ", " l'équipe " pour " l'équipe de développement ") , candidat superset plus fidèle. I.3.2 OK.
Migration/sourcequote_effective_patch_phase3.zip;3;7;Le développement infrastructurel d'une CM produit des dépendances au sentier, reposant sur des équipes constituées et des sentiers de développement qu'il est b…;le développement infrastructurel d'une cm produit des dépendances au sentier, reposant sur des équipes constituées et d…;Ethereum | Vitalik Buterin | Primecoin | Counterparty | Guerre des métaprotocoles / OP_RETURN War;2956b3b87db1448f8a2ddde82d39e9c9 | bf653891dd9e4c1cbf23f40e4609f55b | 4322f9923b8442358e0b8e700cd613dc | ffdc27d9e9c7485a81c0482017ed9246 | 0893301ee5634aada72fa1aabc72fca7;unique | unique | unique | unique | unique;I.3.2b;not-found;duplicate-existing;6b1a40ec612241d3afc1abc1cfd29713;eleve;PDF 5_Chapitre_1 p.125;Le développement infrastructurel d'une CM produit des dépendances au sentier, reposant sur des équi…;arbitrage;oui;Trois morceaux verbatim p.125 avec coupes non signalées (dont " Pour garantir à Ethereum ... février 2013 " sauté avant " Ce WP* circule "). L'existante 6b1a40ec = 1re phrase verbatim , candidat superset. En sus, section cible I.3.2b JAMAIS existée (parent I.3.2 disponible). Double arbitrage.
Migration/sourcequote_effective_patch_phase3.zip;3;8;Buterin vise en premier lieu à éviter la fragmentation induite par les stratégies précédentes : différentes technologies nécessitent différentes connaissances,…;buterin vise en premier lieu à éviter la fragmentation induite par les stratégies précédentes : différentes technologie…;Ethereum | Vitalik Buterin | Cryptomonnaie (CM) | Développement infrastructurel par phases | Counterparty;2956b3b87db1448f8a2ddde82d39e9c9 | bf653891dd9e4c1cbf23f40e4609f55b | - | f5fb37b1a7344ee588bc8740bf038e7a | ffdc27d9e9c7485a81c0482017ed9246;unique | unique | fuzzy-only | unique | unique;I.3.3a;not-found;minor-normalization;;faible;PDF 5_Chapitre_1 p.128;savoir-faire (chaque CM possède différentes suites logicielles, etc.), reposant sur différentes com…;arbitrage;oui;Quasi verbatim p.128 (annoncée 129) : seule coupe non signalée, la parenthèse " (chaque CM possède différentes suites logicielles, etc.) ". Section cible I.3.3a JAMAIS existée (parent I.3.3, titre p.128, disponible).
Migration/sourcequote_effective_patch_phase3.zip;3;9;Si les concepteurs d'Ethereum conservent à l'origine la PoW, ils sont critiques à son encontre. Considérée comme énergivore, rigide et potentiellement insécure…;si les concepteurs d'ethereum conservent à l'origine la pow, ils sont critiques à son encontre. considérée comme énergi…;Ethereum | Difficulty Bomb / Ice Age | Proof of Work (PoW) | Proof of Stake (PoS) | Distributed Consensus Fiduciary Logic;2956b3b87db1448f8a2ddde82d39e9c9 | bbb341041f074852a96fa9c1ab014954 | f3e7754db9ee4502ae4180e36200ade1 | 5bd551ea907241fcbb89a63f2b580d78 | cae0d43b5b874e0da5b3d0ab2295675c;unique | unique | unique | unique | unique;I.3.3c;not-found;minor-normalization;;faible;PDF 5_Chapitre_1 p.134-135;insécure (du fait de la centralisation constatée sur le minage), il est prévu dès l'origine qu'Ethe…;arbitrage;oui;Quasi verbatim p.134-135 : coupes non signalées des parenthèses " (du fait de la centralisation...) ", " (dit Eth2.0) " et de ~2 phrases avant " Là où les bitcoiners ". Section cible I.3.3c JAMAIS existée (parent I.3.3 disponible).
Migration/sourcequote_effective_patch_phase3.zip;3;10;Un protocole ne devient CM qu'en tant qu'infrastructure, confronté à des usages, à d'autres arrangements pour s'y connecter, à une maintenance et des évolution…;un protocole ne devient cm qu'en tant qu'infrastructure, confronté à des usages, à d'autres arrangements pour s'y conne…;Seamless Infrastructure | Bitcoin | Développement infrastructurel par phases | Cryptomonnaie (CM) | Vitalik Buterin;- | d35d720e1fa24d9fbe665a90ac0abc73 | f5fb37b1a7344ee588bc8740bf038e7a | - | bf653891dd9e4c1cbf23f40e4609f55b;fuzzy-only | unique | unique | fuzzy-only | unique;conclusion_resume->conclu_resume;renumbered;wrong-section;;faible;PDF 1_Premières_pages p.4 (Résumé et mots clés);RÉSUMÉ ET MOTS CLÉS [...] Un protocole ne devient CM qu'en tant qu'infrastructure, confronté à des…;arbitrage;oui;Texte VERBATIM mais dans le " Résumé et mots clés " liminaire de la thèse (premières pages, p.4 imprimée , aussi dans assets/MD/06_resume.md), INTROUVABLE dans la conclusion. La cible conclu_resume (" Conclusion - Résumé de la thèse ", 332-334) est un AUTRE texte. Aucun nœud section pour le résumé liminaire : rattacher = transfert de source à arbitrer.
Migration/sourcequote_effective_patch_phase3.zip;3;11;Notre approche montre que, au-delà d'une gouvernance par l'infrastructure, la gouvernance sur l'infrastructure des CM est conflictuelle et polycentrique, révél…;notre approche montre que, au-delà d'une gouvernance par l'infrastructure, la gouvernance sur l'infrastructure des cm e…;Polycentric Governance | Gouvernance sur le protocole | Crises de vulnérabilité | Crises d'évolution | Bitcoin | Ethereum;a444085b9b2d4ea1aa734f7e25db6a6c | 604158d5bab84e82821d53e75070899a | - | - | d35d720e1fa24d9fbe665a90ac0abc73 | 2956b3b87db1448f8a2ddde82d39e9c9;resolved-by-synonym | unique | fuzzy-only | fuzzy-only | unique | unique;conclusion_infrastructure->conclu_infra | conclusion_crises->conclu_aceph;renumbered | renumbered;duplicate-existing;fb6106526ebd4d8caa5d9eb4ea39e080;eleve;PDF 8_Conclusion_Generale p.335-336;au-delà d'une gouvernance par l'infrastructure, la gouvernance sur l'infrastructure des CM est conf…;completer-l-existante;oui;Quasi verbatim p.335-336 (annoncée 336) : coupes non signalées de la phrase " Les infrastructures ... idéologiques. " et de " (pour l'heure) ". L'existante fb610652 = 1re phrase verbatim , candidat superset (inclusion stricte VERIFIEE). Cibles : conclu_infra OK (passage avant le titre acéphalisme, p.336) mais conclu_aceph FAUSSE pour ce passage. " Polycentric Governance " RESOLUE PAR TRADUCTION vers a444085b " Gouvernance polycentrique ".
Migration/sourcequote_effective_patch_phase3.zip;3;12;En fin de compte, cette démarche de sociologie des crises nous a permis de montrer que, en dernier ressort, dans le cas des CM, le consensus social prime sur l…;en fin de compte, cette démarche de sociologie des crises nous a permis de montrer que, en dernier ressort, dans le cas…;Space of Rule / Space of Discretion | Crises de vulnérabilité | Crises d'évolution | Polycentric Governance;fba623af07644327b873a59e0a9b2f97 | - | - | a444085b9b2d4ea1aa734f7e25db6a6c;unique | fuzzy-only | fuzzy-only | resolved-by-synonym;conclusion_crises->conclu_aceph;renumbered;exact-match;;faible;PDF 8_Conclusion_Generale p.336;en dernier ressort, dans le cas des CM, le consensus social prime sur les règles protocolaires;retenir;oui;Verbatim p.336 (annoncée 337), APRÈS le titre " De l'acéphalisme... " : conclu_aceph confirmée. " Polycentric Governance " RESOLUE PAR TRADUCTION vers a444085b " Gouvernance polycentrique " (CoreConcept v110) : aucune création. Arbitrage maintenu : adopter la résolution par synonyme/traduction (plutôt que d'omettre le quote supports) est un choix à confirmer, cf. Q6.
